id,name,primary_attr,attack_type,roles,img,icon,base_health,base_health_regen,base_mana,base_mana_regen,base_armor,base_mr,base_attack_min,base_attack_max,base_str,base_agi,base_int,str_gain,agi_gain,int_gain,attack_range,projectile_speed,attack_rate,base_attack_time,attack_point,move_speed,turn_rate,cm_enabled,legs,day_vision,night_vision,localized_name,1_pick,1_win,2_pick,2_win,3_pick,3_win,4_pick,4_win,5_pick,5_win,6_pick,6_win,7_pick,7_win,8_pick,8_win,turbo_picks,turbo_picks_trend,turbo_wins,turbo_wins_trend,pro_pick,pro_win,pro_ban,pub_pick,pub_pick_trend,pub_win,pub_win_trend
1,npc_dota_hero_antimage,agi,Melee,"['Carry', 'Escape', 'Nuker']",/apps/dota2/images/dota_react/heroes/antimage.png?,/apps/dota2/images/dota_react/heroes/icons/antimage.png?,120,1.0,75,0.0,2,25,29,33,21,24,12,1.6,2.8,1.8,150,0,1.4,100,0.3,310,,True,2,1800,800,Anti-Mage,31145,15465,85054,42601,100276,50461,89431,44564,62708,31173,36717,18162,29882,14742,0,0,297406,"[71458, 43264, 42852, 44890, 45728, 39079, 10135]",149276,"[35897, 21937, 21401, 22470, 23008, 19494, 5069]",1,0,1,475612,"[102506, 65957, 68089, 75261, 78219, 67501, 18079]",237263,"[51310, 32928, 34195, 37707, 38702, 33575, 8846]"
2,npc_dota_hero_axe,str,Melee,"['Initiator', 'Durable', 'Disabler', 'Carry']",/apps/dota2/images/dota_react/heroes/axe.png?,/apps/dota2/images/dota_react/heroes/icons/axe.png?,120,2.5,75,0.0,0,25,31,35,25,20,18,2.7,1.7,1.6,150,900,1.7,100,0.4,315,,True,2,1800,800,Axe,38764,21018,110575,59317,141324,74794,141216,74444,108881,56378,69681,35997,65467,33279,0,0,367385,"[85609, 51893, 53327, 57870, 58340, 47478, 12868]",189356,"[44029, 26818, 27570, 29671, 29982, 24590, 6696]",38,20,67,720492,"[150775, 99106, 103949, 115674, 121079, 100687, 29222]",378911,"[79635, 52098, 54672, 60892, 63281, 53057, 15276]"
3,npc_dota_hero_bane,all,Ranged,"['Support', 'Disabler', 'Nuker', 'Durable']",/apps/dota2/images/dota_react/heroes/bane.png?,/apps/dota2/images/dota_react/heroes/icons/bane.png?,120,0.25,75,0.0,1,25,24,30,23,23,23,2.5,2.5,2.5,425,900,1.7,100,0.3,305,,True,4,1800,1200,Bane,8987,4248,24095,11621,30049,14790,29282,14830,23843,12071,15986,8188,17771,9276,0,0,111804,"[27856, 16651, 16372, 17065, 17052, 13459, 3349]",53661,"[13316, 7961, 7943, 8229, 8147, 6482, 1583]",41,29,35,162900,"[38547, 23774, 23518, 25065, 25396, 20879, 5721]",81236,"[19119, 11917, 11724, 12428, 12776, 10383, 2889]"
4,npc_dota_hero_bloodseeker,agi,Melee,"['Carry', 'Disabler', 'Nuker', 'Initiator']",/apps/dota2/images/dota_react/heroes/bloodseeker.png?,/apps/dota2/images/dota_react/heroes/icons/bloodseeker.png?,120,0.25,75,0.0,2,25,35,41,24,24,17,2.7,3.1,2.0,150,900,1.7,100,0.43,285,,True,2,1800,800,Bloodseeker,19858,10315,37743,19907,34752,18230,27499,14264,18057,9493,10010,5177,7094,3609,0,0,157320,"[39679, 23394, 22795, 23423, 23032, 19927, 5070]",79527,"[20064, 11923, 11470, 11798, 11672, 10111, 2489]",1,1,0,182792,"[41633, 26091, 26472, 28282, 29230, 24122, 6962]",95210,"[21742, 13514, 13798, 14744, 15093, 12596, 3723]"
5,npc_dota_hero_crystal_maiden,int,Ranged,"['Support', 'Disabler', 'Nuker']",/apps/dota2/images/dota_react/heroes/crystal_maiden.png?,/apps/dota2/images/dota_react/heroes/icons/crystal_maiden.png?,120,0.25,75,0.0,0,25,28,34,17,16,20,2.2,1.8,3.3,600,900,1.7,100,0.45,280,,True,2,1800,800,Crystal Maiden,34041,18247,83779,44229,95291,49495,88390,45390,65042,32750,40312,20200,34473,17085,0,0,350752,"[81177, 49090, 50964, 55734, 56257, 45636, 11894]",184754,"[43052, 25840, 26881, 29148, 29534, 23994, 6305]",4,2,0,478471,"[100315, 64706, 68037, 77800, 81673, 66502, 19438]",247017,"[51960, 33370, 35146, 40146, 42112, 34246, 10037]"
6,npc_dota_hero_drow_ranger,agi,Ranged,"['Carry', 'Disabler', 'Pusher']",/apps/dota2/images/dota_react/heroes/drow_ranger.png?,/apps/dota2/images/dota_react/heroes/icons/drow_ranger.png?,120,0.25,75,0.0,0,25,27,34,16,22,15,1.9,2.8,1.4,625,1250,1.7,100,0.5,310,0.7,True,2,1800,800,Drow Ranger,39517,19762,98010,49994,118361,61013,115966,59840,90850,47190,58985,30731,56813,29775,0,0,469441,"[109783, 66006, 67539, 73412, 74660, 61840, 16201]",254518,"[59906, 35694, 36607, 39806, 40465, 33399, 8641]",35,16,86,623948,"[131157, 85779, 90058, 100200, 104855, 87168, 24731]",321307,"[67718, 44302, 46639, 51576, 53615, 44791, 12666]"
7,npc_dota_hero_earthshaker,str,Melee,"['Support', 'Initiator', 'Disabler', 'Nuker']",/apps/dota2/images/dota_react/heroes/earthshaker.png?,/apps/dota2/images/dota_react/heroes/icons/earthshaker.png?,120,1.0,75,0.0,2,25,27,37,22,12,18,3.7,1.4,2.1,150,0,1.7,100,0.467,315,0.9,True,2,1800,800,Earthshaker,28950,14497,76026,37914,92804,46400,92882,46804,72729,36882,46860,23873,41288,21036,0,0,383049,"[89377, 54321, 55606, 59831, 60560, 50375, 12979]",185655,"[43451, 26560, 26956, 28998, 28973, 24443, 6274]",2,0,1,490207,"[104325, 67238, 70202, 78222, 81622, 68651, 19947]",247062,"[52871, 34036, 35292, 39354, 41139, 34375, 9995]"
8,npc_dota_hero_juggernaut,agi,Melee,"['Carry', 'Pusher', 'Escape']",/apps/dota2/images/dota_react/heroes/juggernaut.png?,/apps/dota2/images/dota_react/heroes/icons/juggernaut.png?,120,0.5,75,0.0,0,25,22,24,20,32,14,2.0,2.8,1.4,150,0,1.4,110,0.33,300,,True,2,1800,800,Juggernaut,34929,17934,91774,47540,112544,58364,110431,57517,83983,44032,51192,26685,42743,22159,0,0,430338,"[100218, 60577, 61570, 67443, 68811, 56364, 15355]",222934,"[51669, 31521, 31885, 34916, 35726, 29285, 7932]",3,2,2,572782,"[118011, 77171, 81407, 92876, 98012, 80654, 24651]",297020,"[61225, 39724, 42139, 48052, 51190, 41874, 12816]"
9,npc_dota_hero_mirana,agi,Ranged,"['Carry', 'Support', 'Escape', 'Nuker', 'Disabler']",/apps/dota2/images/dota_react/heroes/mirana.png?,/apps/dota2/images/dota_react/heroes/icons/mirana.png?,120,0.25,75,0.4,-2,25,22,28,20,26,22,2.2,3.1,1.9,630,900,1.7,100,0.35,285,,True,2,1800,800,Mirana,15196,7682,43754,22222,55260,28154,56529,28638,43861,22155,27569,14027,24953,12498,0,0,212552,"[49568, 30180, 31609, 33484, 33660, 26727, 7324]",110340,"[25553, 15593, 16378, 17524, 17660, 13756, 3876]",9,5,1,287756,"[62802, 40005, 41482, 46290, 47672, 37885, 11620]",145819,"[31877, 20290, 21123, 23368, 24256, 19116, 5789]"
10,npc_dota_hero_morphling,agi,Ranged,"['Carry', 'Escape', 'Durable', 'Nuker', 'Disabler']",/apps/dota2/images/dota_react/heroes/morphling.png?,/apps/dota2/images/dota_react/heroes/icons/morphling.png?,120,0.5,75,0.0,-1,25,12,21,23,24,19,2.6,3.9,1.8,350,1300,1.5,100,0.5,285,0.7,True,0,1800,800,Morphling,9422,4527,24499,11584,30819,14542,30189,14331,22729,10926,15294,7264,16211,7775,0,0,124008,"[30161, 17882, 18321, 18616, 18639, 16431, 3958]",61943,"[15334, 8964, 9049, 9221, 9265, 8138, 1972]",1,1,2,162646,"[37877, 23203, 23260, 24585, 25741, 22160, 5820]",77320,"[17931, 11118, 10990, 11741, 12188, 10574, 2778]"
11,npc_dota_hero_nevermore,agi,Ranged,"['Carry', 'Nuker']",/apps/dota2/images/dota_react/heroes/nevermore.png?,/apps/dota2/images/dota_react/heroes/icons/nevermore.png?,120,0.25,75,0.3,0,25,16,22,19,25,18,2.7,3.6,2.2,525,1200,1.6,100,0.5,305,0.9,True,0,1800,800,Shadow Fiend,33326,16427,88620,43563,112672,55406,111148,54438,87797,42893,59862,29221,61563,30070,0,0,438511,"[102352, 62643, 63702, 66180, 68305, 60413, 14916]",209795,"[49110, 29929, 30394, 31667, 32644, 28956, 7095]",44,29,86,602811,"[128015, 83414, 86020, 94216, 100027, 87314, 23805]",295041,"[62974, 40836, 41885, 45978, 48960, 42633, 11775]"
12,npc_dota_hero_phantom_lancer,agi,Melee,"['Carry', 'Escape', 'Pusher', 'Nuker']",/apps/dota2/images/dota_react/heroes/phantom_lancer.png?,/apps/dota2/images/dota_react/heroes/icons/phantom_lancer.png?,120,2.0,75,0.0,0,25,26,36,21,26,21,2.2,3.4,1.8,225,900,1.7,110,0.5,285,,True,2,1800,800,Phantom Lancer,26901,14022,68320,35582,75771,39369,65935,34314,46696,24478,28824,15163,28683,15090,0,0,214742,"[50476, 30639, 31540, 33058, 33091, 28629, 7309]",117575,"[27687, 16749, 17253, 18103, 18059, 15738, 3986]",6,2,19,373624,"[82481, 53111, 53171, 57590, 60584, 53144, 13543]",194680,"[43401, 27706, 27616, 29977, 31251, 27860, 6869]"
13,npc_dota_hero_puck,int,Ranged,"['Initiator', 'Disabler', 'Escape', 'Nuker']",/apps/dota2/images/dota_react/heroes/puck.png?,/apps/dota2/images/dota_react/heroes/icons/puck.png?,120,0.5,75,0.5,0,25,22,30,17,14,23,2.4,2.3,3.8,550,900,1.7,100,0.5,290,0.9,True,2,1800,800,Puck,6343,2828,17698,7954,24535,11140,27027,12677,23598,11153,17385,8426,19973,9831,0,0,94270,"[23317, 13656, 13945, 14297, 14155, 11742, 3158]",42237,"[10544, 6171, 6310, 6290, 6299, 5195, 1428]",26,13,74,148460,"[32438, 20694, 21451, 23922, 23875, 20256, 5824]",69457,"[15187, 9518, 10102, 11345, 11054, 9450, 2801]"
14,npc_dota_hero_pudge,str,Melee,"['Disabler', 'Initiator', 'Durable', 'Nuker']",/apps/dota2/images/dota_react/heroes/pudge.png?,/apps/dota2/images/dota_react/heroes/icons/pudge.png?,120,2.5,75,0.0,0,25,45,51,25,11,16,3.0,1.4,1.8,175,0,1.7,100,0.5,280,0.7,True,2,1800,800,Pudge,52792,27182,159548,82818,208552,107886,203130,104639,153722,79341,98641,50284,96004,49355,0,0,774383,"[170628, 107620, 112579, 121889, 126213, 107278, 28176]",384271,"[84464, 53427, 55838, 60373, 62679, 53542, 13948]",10,4,4,1039439,"[223947, 143840, 149266, 164717, 172894, 143596, 41179]",536397,"[115562, 74431, 77067, 85434, 88934, 73890, 21079]"
15,npc_dota_hero_razor,agi,Ranged,"['Carry', 'Durable', 'Nuker', 'Pusher']",/apps/dota2/images/dota_react/heroes/razor.png?,/apps/dota2/images/dota_react/heroes/icons/razor.png?,120,1.0,75,0.0,0,25,23,25,22,24,21,2.8,2.8,2.2,475,2000,1.7,100,0.3,280,,True,0,1800,800,Razor,18966,9569,38663,19407,42461,21304,39346,19878,29306,14757,18269,9185,15082,7445,0,0,191962,"[47407, 27639, 27430, 29263, 29459, 24239, 6525]",100157,"[24783, 14399, 14325, 15284, 15351, 12621, 3394]",1,0,2,226840,"[48416, 31443, 32998, 36501, 37671, 30693, 9118]",114047,"[24488, 15832, 16584, 18219, 18990, 15372, 4562]"
16,npc_dota_hero_sand_king,all,Melee,"['Initiator', 'Disabler', 'Support', 'Nuker', 'Escape']",/apps/dota2/images/dota_react/heroes/sand_king.png?,/apps/dota2/images/dota_react/heroes/icons/sand_king.png?,120,0.25,75,0.0,1,25,19,29,23,19,17,2.3,2.0,2.0,150,900,1.7,110,0.53,290,,True,6,1800,800,Sand King,12474,6423,30563,15372,34279,16929,32520,15545,23612,11067,15076,7099,11603,5370,0,0,160882,"[39755, 23625, 23540, 25017, 24648, 19097, 5200]",81378,"[20161, 11831, 11913, 12659, 12495, 9658, 2661]",1,0,0,178406,"[40690, 25314, 25512, 28072, 28996, 23089, 6733]",86904,"[19876, 12486, 12364, 13670, 14091, 11175, 3242]"
17,npc_dota_hero_storm_spirit,int,Ranged,"['Carry', 'Escape', 'Nuker', 'Initiator', 'Disabler']",/apps/dota2/images/dota_react/heroes/storm_spirit.png?,/apps/dota2/images/dota_react/heroes/icons/storm_spirit.png?,120,0.5,75,0.0,1,25,24,34,21,22,23,2.0,2.6,3.7,480,1100,1.6,115,0.5,285,0.8,True,2,1800,800,Storm Spirit,14987,7011,39998,18525,51251,23756,52068,24372,42697,20152,29555,14084,30533,14904,0,0,160002,"[37681, 23316, 23194, 24368, 24882, 21033, 5528]",76475,"[17795, 11278, 11037, 11639, 11953, 10186, 2587]",15,6,23,280889,"[61372, 39659, 40497, 44858, 45882, 38161, 10460]",132145,"[28817, 18566, 19100, 21114, 21527, 18061, 4960]"
18,npc_dota_hero_sven,str,Melee,"['Carry', 'Disabler', 'Initiator', 'Durable', 'Nuker']",/apps/dota2/images/dota_react/heroes/sven.png?,/apps/dota2/images/dota_react/heroes/icons/sven.png?,120,0.75,75,0.0,0,25,37,39,24,18,16,3.5,2.2,1.5,150,0,1.9,110,0.4,325,,True,2,1800,800,Sven,21187,10416,48855,24573,53658,26870,48060,24124,34212,17081,20809,10472,18272,9278,0,0,300476,"[74281, 43864, 44537, 46399, 45562, 36155, 9678]",152503,"[37867, 22326, 22485, 23448, 23084, 18369, 4924]",14,8,2,274204,"[61156, 38585, 39856, 43238, 44394, 36290, 10685]",137625,"[30641, 19512, 20044, 21535, 22504, 18099, 5290]"
19,npc_dota_hero_tiny,str,Melee,"['Carry', 'Nuker', 'Pusher', 'Initiator', 'Durable', 'Disabler']",/apps/dota2/images/dota_react/heroes/tiny.png?,/apps/dota2/images/dota_react/heroes/icons/tiny.png?,120,2.0,75,0.0,0,25,31,37,30,0,17,4.2,0.0,2.2,150,900,1.7,90,0.4,275,,True,2,1800,800,Tiny,16803,7526,40256,17918,47882,21134,48211,20998,39740,17187,27656,12400,28559,12960,0,0,288821,"[74776, 43211, 41693, 43969, 42741, 33772, 8659]",128092,"[33118, 19205, 18605, 19410, 18777, 15037, 3940]",26,7,17,273486,"[64931, 39623, 39275, 42413, 42658, 34466, 10120]",121620,"[28981, 17554, 17525, 18810, 18979, 15274, 4497]"
20,npc_dota_hero_vengefulspirit,agi,Ranged,"['Support', 'Initiator', 'Disabler', 'Nuker', 'Escape']",/apps/dota2/images/dota_react/heroes/vengefulspirit.png?,/apps/dota2/images/dota_react/heroes/icons/vengefulspirit.png?,120,0.25,75,0.0,0,25,28,34,20,23,19,2.6,3.0,1.5,400,1500,1.5,100,0.33,300,,True,2,1800,800,Vengeful Spirit,23066,12486,67108,36553,92889,50392,101549,54923,85203,45664,56499,29710,51601,26743,0,0,325149,"[77794, 46224, 47717, 51027, 51389, 40574, 10424]",187294,"[44727, 26668, 27416, 29424, 29607, 23442, 6010]",11,5,7,505839,"[108485, 70275, 72603, 82023, 83839, 68998, 19616]",271362,"[58530, 37779, 38883, 43887, 44834, 36947, 10502]"
21,npc_dota_hero_windrunner,all,Ranged,"['Carry', 'Support', 'Disabler', 'Escape', 'Nuker']",/apps/dota2/images/dota_react/heroes/windrunner.png?,/apps/dota2/images/dota_react/heroes/icons/windrunner.png?,120,0.25,75,0.25,0,25,24,36,18,17,18,2.6,2.1,3.2,600,1250,1.5,90,0.4,285,0.8,True,2,1800,800,Windranger,33867,16400,83034,39643,101054,48256,100597,48021,79663,38576,52656,25790,52288,25638,0,0,390330,"[95561, 55792, 56578, 60528, 59959, 49129, 12783]",187242,"[46036, 26662, 27286, 28964, 28767, 23420, 6107]",34,17,18,545630,"[119044, 75382, 78478, 87559, 89739, 73753, 21675]",263630,"[57550, 36550, 37837, 42032, 43383, 35773, 10505]"
22,npc_dota_hero_zuus,int,Ranged,"['Nuker', 'Carry']",/apps/dota2/images/dota_react/heroes/zuus.png?,/apps/dota2/images/dota_react/heroes/icons/zuus.png?,120,0.25,75,0.0,1,25,30,40,21,11,23,2.1,1.2,3.3,380,1100,1.7,100,0.35,305,,True,2,1800,800,Zeus,38132,19481,102934,53456,131701,68701,137092,71270,110994,57034,74027,37996,72758,36854,0,0,601130,"[137136, 84666, 88326, 94937, 96015, 78518, 21532]",312040,"[70852, 43956, 45723, 49340, 49943, 40943, 11283]",11,6,6,716081,"[149207, 97489, 102569, 115525, 121366, 99774, 30151]",369198,"[76948, 50285, 52944, 59471, 62601, 51507, 15442]"
23,npc_dota_hero_kunkka,str,Melee,"['Carry', 'Support', 'Disabler', 'Initiator', 'Durable', 'Nuker']",/apps/dota2/images/dota_react/heroes/kunkka.png?,/apps/dota2/images/dota_react/heroes/icons/kunkka.png?,120,0.75,75,0.0,2,25,30,36,24,14,18,3.6,1.6,1.8,150,900,1.7,100,0.4,315,,True,2,1800,800,Kunkka,11758,5791,28617,13813,35115,17013,35566,17544,29412,14805,18934,9430,17563,8857,0,0,128763,"[31391, 18561, 18380, 20304, 19860, 16077, 4190]",60430,"[14667, 8683, 8677, 9696, 9225, 7468, 2014]",7,4,3,194508,"[41347, 26873, 27887, 31565, 32522, 26383, 7931]",95993,"[20536, 13315, 13725, 15453, 15993, 13010, 3961]"
25,npc_dota_hero_lina,int,Ranged,"['Support', 'Carry', 'Nuker', 'Disabler']",/apps/dota2/images/dota_react/heroes/lina.png?,/apps/dota2/images/dota_react/heroes/icons/lina.png?,120,0.25,75,0.0,0,25,21,29,20,23,30,2.4,2.4,4.0,670,1000,1.6,100,0.65,290,,True,2,1800,800,Lina,35596,16842,82778,40008,99764,49309,99084,49215,77271,39038,49282,25178,47019,23965,0,0,342592,"[80678, 48362, 49445, 52656, 53898, 46356, 11197]",163106,"[38578, 22897, 23491, 25119, 25607, 22085, 5329]",13,4,6,532946,"[111762, 71682, 75884, 85278, 90605, 76654, 21081]",264140,"[55650, 35607, 37716, 42111, 44873, 37845, 10338]"
26,npc_dota_hero_lion,int,Ranged,"['Support', 'Disabler', 'Nuker', 'Initiator']",/apps/dota2/images/dota_react/heroes/lion.png?,/apps/dota2/images/dota_react/heroes/icons/lion.png?,120,0.5,75,0.0,0,25,29,35,18,15,19,2.4,1.7,3.5,600,900,1.7,115,0.43,290,,True,2,1800,800,Lion,49751,24420,143109,70043,183016,89592,183581,89522,142702,69131,91009,44295,82261,40103,0,0,626393,"[147633, 88654, 90612, 97132, 99333, 81851, 21178]",293926,"[69245, 41308, 42621, 45505, 46657, 38577, 10013]",35,14,11,932884,"[195820, 127406, 133769, 149544, 157437, 130990, 37918]",456112,"[96051, 62386, 65223, 73364, 76800, 63682, 18606]"
27,npc_dota_hero_shadow_shaman,int,Ranged,"['Support', 'Pusher', 'Disabler', 'Nuker', 'Initiator']",/apps/dota2/images/dota_react/heroes/shadow_shaman.png?,/apps/dota2/images/dota_react/heroes/icons/shadow_shaman.png?,120,1.0,75,0.0,2,25,40,47,20,16,23,2.3,1.6,3.5,400,900,1.7,100,0.3,285,,True,2,1800,800,Shadow Shaman,38638,20151,99986,51946,118112,61399,110951,57706,82243,42977,49906,25853,42077,21695,0,0,427237,"[103497, 61449, 61905, 65601, 67160, 53616, 14009]",219750,"[53282, 31703, 32194, 33515, 34474, 27403, 7179]",3,2,3,585274,"[125881, 81316, 83460, 93295, 97179, 80398, 23745]",304338,"[65865, 42194, 43477, 48113, 50606, 41563, 12520]"
28,npc_dota_hero_slardar,str,Melee,"['Carry', 'Durable', 'Initiator', 'Disabler', 'Escape']",/apps/dota2/images/dota_react/heroes/slardar.png?,/apps/dota2/images/dota_react/heroes/icons/slardar.png?,120,0.5,75,0.0,2,25,30,38,21,17,15,3.4,2.1,1.5,150,0,1.7,100,0.36,300,,True,0,1800,800,Slardar,18591,9356,48459,24198,58269,28810,56087,27759,44251,22053,28423,14049,25797,12567,0,0,191386,"[46713, 28055, 27723, 29882, 29553, 23313, 6147]",99583,"[24278, 14586, 14408, 15503, 15430, 12145, 3233]",12,6,16,303535,"[66073, 42675, 44035, 49059, 50025, 40004, 11664]",150750,"[32825, 21318, 21703, 24386, 24937, 19879, 5702]"
29,npc_dota_hero_tidehunter,str,Melee,"['Initiator', 'Durable', 'Disabler', 'Nuker', 'Carry']",/apps/dota2/images/dota_react/heroes/tidehunter.png?,/apps/dota2/images/dota_react/heroes/icons/tidehunter.png?,120,0.25,75,0.5,0,25,25,31,26,15,20,3.7,1.5,1.7,150,900,1.7,100,0.6,300,,True,2,1800,800,Tidehunter,16167,8269,45971,23413,59827,30487,61623,30842,49687,24488,32928,16249,32012,15700,0,0,159662,"[39626, 22448, 22830, 25246, 25159, 19205, 5148]",84011,"[20903, 11807, 12004, 13255, 13219, 10187, 2636]",28,19,15,318247,"[67656, 43209, 44940, 52215, 53943, 43670, 12614]",159574,"[34048, 21707, 22581, 26121, 26944, 21927, 6246]"
30,npc_dota_hero_witch_doctor,int,Ranged,"['Support', 'Nuker', 'Disabler']",/apps/dota2/images/dota_react/heroes/witch_doctor.png?,/apps/dota2/images/dota_react/heroes/icons/witch_doctor.png?,120,0.25,75,0.0,0,25,26,36,20,13,22,2.1,1.4,3.1,550,1200,1.7,100,0.4,300,,True,2,1800,800,Witch Doctor,34648,18317,96355,50807,118446,61937,112104,58006,79476,40808,46617,23528,36326,18290,0,0,325645,"[78416, 45921, 47263, 50311, 51397, 41645, 10692]",169368,"[40637, 23809, 24602, 26229, 26740, 21736, 5615]",11,3,0,558495,"[119076, 76593, 79586, 89515, 94494, 77758, 21473]",289595,"[61474, 39621, 41273, 46557, 49109, 40358, 11203]"
31,npc_dota_hero_lich,int,Ranged,"['Support', 'Nuker']",/apps/dota2/images/dota_react/heroes/lich.png?,/apps/dota2/images/dota_react/heroes/icons/lich.png?,120,0.5,75,-1.0,-1,25,24,33,20,17,28,2.1,1.7,3.4,550,900,1.7,100,0.46,290,0.7,True,2,1800,800,Lich,20996,11081,54825,28729,71941,37840,75553,39578,62343,32686,42835,22259,40406,20781,0,0,216363,"[52126, 30339, 31376, 33790, 34347, 27413, 6972]",113314,"[27136, 16013, 16366, 17559, 18207, 14429, 3604]",20,9,1,392239,"[83314, 53371, 56066, 63878, 66750, 53882, 14978]",205003,"[43659, 27989, 29442, 33280, 34651, 28204, 7778]"
32,npc_dota_hero_riki,agi,Melee,"['Carry', 'Escape', 'Disabler']",/apps/dota2/images/dota_react/heroes/riki.png?,/apps/dota2/images/dota_react/heroes/icons/riki.png?,120,2.5,75,0.0,0,25,22,26,18,30,14,2.0,2.4,1.3,150,900,1.7,90,0.3,315,,True,2,1800,800,Riki,19452,9955,42488,22189,45532,23771,39010,20544,27831,14533,16595,8673,14143,7334,0,0,217437,"[51166, 31010, 31316, 33564, 33763, 28941, 7677]",111537,"[26372, 15933, 16083, 17064, 17349, 14768, 3968]",0,0,1,231149,"[49266, 31680, 32980, 36736, 38808, 32254, 9425]",120449,"[25740, 16532, 17185, 19209, 20116, 16799, 4868]"
33,npc_dota_hero_enigma,all,Ranged,"['Disabler', 'Initiator', 'Pusher']",/apps/dota2/images/dota_react/heroes/enigma.png?,/apps/dota2/images/dota_react/heroes/icons/enigma.png?,120,0.25,75,0.5,1,25,19,25,21,14,19,2.5,1.0,3.6,500,900,1.7,100,0.4,280,,True,0,1800,800,Enigma,10971,5281,27738,13471,31375,15501,27019,13425,19186,9690,11254,5895,11062,5952,0,0,212840,"[53221, 30812, 30727, 32036, 32928, 26667, 6449]",104949,"[26229, 15092, 15207, 15797, 16338, 13091, 3195]",8,4,11,156081,"[35847, 22376, 22127, 23814, 25205, 21187, 5525]",77628,"[17573, 11160, 11071, 11895, 12574, 10544, 2811]"
34,npc_dota_hero_tinker,int,Ranged,"['Carry', 'Nuker', 'Pusher']",/apps/dota2/images/dota_react/heroes/tinker.png?,/apps/dota2/images/dota_react/heroes/icons/tinker.png?,120,0.5,75,0.5,2,25,22,28,19,17,30,2.3,1.4,3.3,500,900,1.7,100,0.35,305,,True,2,1800,800,Tinker,11207,4948,30179,13760,36060,16838,33406,15819,25432,12281,16732,8115,18214,9094,0,0,138251,"[31844, 20051, 19775, 20405, 21295, 19919, 4962]",60163,"[13867, 8685, 8681, 8849, 9162, 8730, 2189]",1,1,11,188360,"[39571, 26416, 26673, 28876, 30440, 29131, 7253]",88518,"[18709, 12584, 12540, 13469, 14208, 13597, 3411]"
35,npc_dota_hero_sniper,agi,Ranged,"['Carry', 'Nuker']",/apps/dota2/images/dota_react/heroes/sniper.png?,/apps/dota2/images/dota_react/heroes/icons/sniper.png?,120,0.25,75,0.0,0,25,13,19,19,27,15,2.0,3.2,2.6,550,3000,1.7,100,0.17,285,0.7,True,2,1800,1400,Sniper,56545,29066,140730,72620,165412,84427,152639,77045,108322,53917,61418,29924,46057,22057,0,0,668417,"[154866, 93830, 96663, 104459, 107024, 88317, 23258]",362977,"[84052, 50969, 52419, 57062, 58132, 47785, 12558]",7,3,10,800729,"[168446, 108556, 114166, 129651, 135880, 110870, 33160]",405088,"[85391, 54771, 57818, 65701, 68928, 55806, 16673]"
36,npc_dota_hero_necrolyte,int,Ranged,"['Carry', 'Nuker', 'Durable', 'Disabler']",/apps/dota2/images/dota_react/heroes/necrolyte.png?,/apps/dota2/images/dota_react/heroes/icons/necrolyte.png?,120,0.25,75,0.0,2,25,26,30,18,12,23,2.3,1.3,2.7,500,1200,1.7,100,0.3,280,,True,2,1800,800,Necrophos,35605,19267,98450,53098,121557,64301,120749,63283,95011,49377,59745,30667,55937,28364,0,0,416445,"[100773, 59706, 60927, 64103, 64241, 52673, 14022]",221664,"[53778, 31741, 32567, 33839, 34161, 28122, 7456]",21,11,51,629241,"[133059, 87173, 90810, 101149, 105742, 85991, 25317]",331215,"[70414, 46185, 47864, 53497, 55051, 45014, 13190]"
37,npc_dota_hero_warlock,int,Ranged,"['Support', 'Initiator', 'Disabler']",/apps/dota2/images/dota_react/heroes/warlock.png?,/apps/dota2/images/dota_react/heroes/icons/warlock.png?,120,0.25,75,0.0,1,25,27,37,22,10,25,2.4,1.0,3.1,600,1200,1.7,90,0.3,300,,True,2,1800,800,Warlock,15825,8075,43790,22168,54891,27493,52975,26203,38606,18934,23377,11301,19856,9327,0,0,162012,"[40201, 23164, 23570, 25129, 24975, 19759, 5214]",80211,"[19886, 11484, 11631, 12549, 12393, 9681, 2587]",6,4,2,267304,"[58697, 37071, 37960, 42863, 44612, 36017, 10084]",132458,"[29238, 18328, 18718, 21063, 22138, 17914, 5059]"
38,npc_dota_hero_beastmaster,all,Melee,"['Initiator', 'Disabler', 'Durable', 'Nuker']",/apps/dota2/images/dota_react/heroes/beastmaster.png?,/apps/dota2/images/dota_react/heroes/icons/beastmaster.png?,120,0.25,75,0.0,-1,25,23,27,25,19,16,2.9,2.0,1.9,150,0,1.7,100,0.3,305,,True,2,1800,800,Beastmaster,8191,3606,22208,9563,26627,11392,23983,10252,17803,7600,11252,4948,11232,5048,0,0,97944,"[26171, 14484, 14226, 14558, 14374, 11076, 3055]",41603,"[11184, 6240, 6078, 6019, 6018, 4732, 1332]",9,8,51,134460,"[31816, 19706, 19092, 20121, 21000, 17970, 4755]",58491,"[13877, 8428, 8418, 8698, 9145, 7815, 2110]"
39,npc_dota_hero_queenofpain,int,Ranged,"['Carry', 'Nuker', 'Escape']",/apps/dota2/images/dota_react/heroes/queenofpain.png?,/apps/dota2/images/dota_react/heroes/icons/queenofpain.png?,120,0.25,75,0.0,0,25,26,32,20,22,25,2.4,2.5,3.4,550,1500,1.5,100,0.56,290,,True,2,1800,800,Queen of Pain,20506,9454,58518,27292,80097,37129,85430,39504,69008,32118,44869,20994,41237,19107,0,0,286852,"[69126, 41187, 41118, 45190, 45020, 35777, 9434]",129911,"[31466, 18710, 18668, 20510, 20263, 16038, 4256]",19,8,17,427720,"[92325, 58739, 61533, 69335, 71306, 57459, 17023]",198890,"[43004, 27311, 28518, 32339, 33014, 26788, 7916]"
40,npc_dota_hero_venomancer,all,Ranged,"['Support', 'Nuker', 'Initiator', 'Pusher', 'Disabler']",/apps/dota2/images/dota_react/heroes/venomancer.png?,/apps/dota2/images/dota_react/heroes/icons/venomancer.png?,120,0.25,75,0.0,0,25,18,21,19,25,19,2.1,2.8,1.8,450,900,1.7,115,0.3,280,,True,0,1800,800,Venomancer,20477,9631,51938,24799,63140,30059,60221,28395,45055,21301,27098,12590,21929,10129,0,0,253052,"[59535, 35244, 36474, 40036, 40518, 32342, 8903]",117187,"[27474, 16396, 16954, 18494, 18845, 14905, 4119]",5,1,0,314586,"[68569, 42962, 45325, 50384, 52784, 41956, 12606]",148704,"[32226, 20206, 21533, 24010, 25017, 19712, 6000]"
41,npc_dota_hero_faceless_void,agi,Melee,"['Carry', 'Initiator', 'Disabler', 'Escape', 'Durable']",/apps/dota2/images/dota_react/heroes/faceless_void.png?,/apps/dota2/images/dota_react/heroes/icons/faceless_void.png?,120,1.0,75,0.0,0,25,34,40,20,24,15,2.6,3.3,1.5,150,900,1.7,100,0.5,300,0.9,True,2,1800,800,Faceless Void,23307,11494,64493,31813,79403,39309,77351,38329,59767,29820,38819,19541,36824,18399,0,0,246749,"[56473, 34457, 35868, 38894, 39699, 32210, 9148]",128771,"[29577, 18031, 18605, 20333, 20854, 16575, 4796]",9,4,14,412047,"[87560, 56450, 58840, 66447, 68850, 56870, 17030]",204623,"[43507, 28026, 29279, 33149, 33983, 28185, 8494]"
42,npc_dota_hero_skeleton_king,str,Melee,"['Carry', 'Support', 'Durable', 'Disabler', 'Initiator']",/apps/dota2/images/dota_react/heroes/skeleton_king.png?,/apps/dota2/images/dota_react/heroes/icons/skeleton_king.png?,120,0.5,75,0.0,0,25,38,40,22,16,16,2.8,1.7,1.6,150,0,1.7,100,0.56,310,,True,2,1800,800,Wraith King,30280,16901,80740,45532,98943,54636,94398,51604,68431,37367,39905,21359,29812,15817,0,0,416714,"[103117, 59943, 59973, 64249, 63797, 51745, 13890]",236148,"[58513, 33889, 34000, 36276, 36231, 29357, 7882]",4,2,0,478533,"[101811, 65793, 68014, 76771, 80524, 66045, 19575]",262930,"[55960, 36224, 37256, 42267, 44184, 36300, 10739]"
43,npc_dota_hero_death_prophet,all,Ranged,"['Carry', 'Pusher', 'Nuker', 'Disabler']",/apps/dota2/images/dota_react/heroes/death_prophet.png?,/apps/dota2/images/dota_react/heroes/icons/death_prophet.png?,120,0.25,75,0.5,1,25,22,32,21,17,24,2.9,2.0,3.0,600,1000,1.7,100,0.5,290,0.8,True,2,1800,800,Death Prophet,14411,6793,28179,13249,31682,15012,29197,13827,22889,10877,14911,7127,14499,6861,0,0,102383,"[25949, 15057, 14798, 15728, 15404, 12363, 3084]",49151,"[12547, 7219, 7038, 7604, 7444, 5855, 1444]",5,1,2,174346,"[39413, 24306, 25070, 27956, 28463, 22420, 6718]",82670,"[18451, 11488, 11942, 13373, 13522, 10687, 3207]"
44,npc_dota_hero_phantom_assassin,agi,Melee,"['Carry', 'Escape']",/apps/dota2/images/dota_react/heroes/phantom_assassin.png?,/apps/dota2/images/dota_react/heroes/icons/phantom_assassin.png?,120,1.0,75,0.0,1,25,35,37,19,21,15,2.0,3.4,1.7,150,900,1.7,110,0.3,310,0.8,True,2,1800,800,Phantom Assassin,46007,24136,108189,56142,117033,60078,102276,51869,69057,34550,39673,19781,30247,14811,0,0,514795,"[115259, 71430, 75119, 80956, 83668, 70278, 18085]",281063,"[63165, 39212, 40807, 44194, 45536, 38485, 9664]",2,1,4,567035,"[117759, 76772, 81105, 91649, 96483, 80224, 23043]",289737,"[60510, 39173, 41499, 46521, 49324, 40969, 11741]"
45,npc_dota_hero_pugna,int,Ranged,"['Nuker', 'Pusher']",/apps/dota2/images/dota_react/heroes/pugna.png?,/apps/dota2/images/dota_react/heroes/icons/pugna.png?,120,0.25,75,0.5,0,25,21,28,19,21,26,2.0,1.3,5.2,630,900,1.7,100,0.5,325,,True,2,1800,800,Pugna,10565,5031,25726,12577,29379,14413,27967,14072,21422,10737,13750,6960,12271,6249,0,0,103185,"[24498, 14637, 15317, 15879, 16003, 13273, 3578]",49464,"[11620, 6963, 7384, 7603, 7616, 6506, 1772]",0,0,0,155346,"[33537, 21640, 22370, 24956, 25671, 21095, 6077]",76908,"[16497, 10639, 11154, 12430, 12745, 10412, 3031]"
46,npc_dota_hero_templar_assassin,agi,Ranged,"['Carry', 'Escape']",/apps/dota2/images/dota_react/heroes/templar_assassin.png?,/apps/dota2/images/dota_react/heroes/icons/templar_assassin.png?,120,0.0,75,0.0,0,25,28,33,21,23,20,2.4,3.4,2.0,250,1000,1.6,100,0.3,310,0.7,True,2,1800,800,Templar Assassin,11418,5196,28131,12539,32810,15014,30050,13780,23313,10749,15117,6967,14589,6753,0,0,103460,"[26683, 15121, 14961, 15275, 15467, 12755, 3198]",46398,"[12002, 6795, 6685, 6848, 6962, 5695, 1411]",4,1,4,171549,"[39436, 24801, 24689, 26144, 26984, 23143, 6352]",78551,"[17937, 11310, 11184, 12096, 12367, 10688, 2969]"
47,npc_dota_hero_viper,agi,Ranged,"['Carry', 'Durable', 'Initiator', 'Disabler']",/apps/dota2/images/dota_react/heroes/viper.png?,/apps/dota2/images/dota_react/heroes/icons/viper.png?,120,0.25,75,0.0,-2,25,27,29,21,21,17,2.4,2.9,2.0,575,1200,1.7,110,0.33,275,,True,0,1800,800,Viper,31617,15273,62280,30374,64208,31008,56594,27573,39200,19284,23261,11340,20785,10174,0,0,332989,"[82826, 48441, 48353, 50623, 50817, 41663, 10266]",167228,"[41837, 24380, 24337, 25386, 25624, 20616, 5048]",17,11,60,337774,"[74459, 46940, 48668, 54107, 55256, 45066, 13278]",164818,"[36678, 22919, 23655, 26369, 26825, 21810, 6562]"
48,npc_dota_hero_luna,agi,Ranged,"['Carry', 'Nuker', 'Pusher']",/apps/dota2/images/dota_react/heroes/luna.png?,/apps/dota2/images/dota_react/heroes/icons/luna.png?,120,0.5,75,0.0,2,25,26,32,21,24,23,2.2,3.4,1.9,330,900,1.7,100,0.35,325,,True,2,1800,800,Luna,21459,10726,53040,26704,64055,32174,64591,32085,52768,26127,35815,17833,36888,18179,0,0,308520,"[76718, 45150, 44679, 47467, 47660, 36735, 10111]",158246,"[39501, 23198, 22970, 24099, 24509, 18704, 5265]",20,12,13,357761,"[78107, 50229, 51531, 56399, 58703, 48457, 14335]",178717,"[39096, 25068, 25743, 27984, 29317, 24189, 7320]"
49,npc_dota_hero_dragon_knight,str,Melee,"['Carry', 'Pusher', 'Durable', 'Disabler', 'Initiator', 'Nuker']",/apps/dota2/images/dota_react/heroes/dragon_knight.png?,/apps/dota2/images/dota_react/heroes/icons/dragon_knight.png?,120,0.25,75,0.0,0,25,34,40,21,14,18,3.2,2.0,1.7,150,900,1.6,100,0.5,310,,True,2,1800,800,Dragon Knight,12627,6308,30450,15138,34081,16740,29552,14590,19998,9718,11231,5489,7735,3629,0,0,94114,"[23682, 13240, 13515, 14530, 14680, 11261, 3206]",47970,"[11984, 6799, 6841, 7433, 7539, 5751, 1623]",0,0,0,162978,"[35986, 22851, 23027, 26117, 27064, 21264, 6669]",80282,"[17879, 11215, 11357, 12832, 13271, 10388, 3340]"
50,npc_dota_hero_dazzle,all,Ranged,"['Support', 'Nuker', 'Disabler']",/apps/dota2/images/dota_react/heroes/dazzle.png?,/apps/dota2/images/dota_react/heroes/icons/dazzle.png?,120,0.25,75,0.3,0,25,19,25,19,20,25,2.3,1.7,3.5,575,1200,1.7,100,0.3,305,0.7,True,2,1800,800,Dazzle,12441,6120,35081,17340,42494,21293,38591,19479,26613,13430,15992,8142,13157,6656,0,0,141995,"[35754, 21011, 20393, 21496, 21727, 17545, 4069]",69295,"[17422, 10263, 10024, 10459, 10619, 8584, 1924]",0,0,1,199798,"[45854, 28378, 28845, 30873, 32154, 27056, 6638]",100104,"[22720, 14315, 14316, 15575, 16205, 13607, 3366]"
51,npc_dota_hero_rattletrap,str,Melee,"['Initiator', 'Disabler', 'Durable', 'Nuker']",/apps/dota2/images/dota_react/heroes/rattletrap.png?,/apps/dota2/images/dota_react/heroes/icons/rattletrap.png?,120,0.5,75,0.0,1,25,24,26,26,13,18,3.2,2.3,1.7,150,900,1.7,100,0.33,310,,True,2,1800,800,Clockwerk,6571,3149,19089,9095,26172,12459,29109,14009,26003,12771,19055,9501,22483,11496,0,0,139647,"[33606, 20286, 20564, 21907, 21668, 17008, 4608]",67745,"[16343, 9782, 10002, 10557, 10493, 8289, 2279]",45,18,86,159146,"[35673, 22102, 23182, 25523, 25900, 20649, 6117]",77772,"[17537, 10718, 11298, 12393, 12668, 10151, 3007]"
52,npc_dota_hero_leshrac,int,Ranged,"['Carry', 'Support', 'Nuker', 'Pusher', 'Disabler']",/apps/dota2/images/dota_react/heroes/leshrac.png?,/apps/dota2/images/dota_react/heroes/icons/leshrac.png?,120,0.25,75,0.0,1,25,27,31,20,17,22,2.8,2.5,3.5,575,900,1.7,100,0.4,325,,True,4,1800,800,Leshrac,4970,2475,11758,5787,13822,6792,13196,6444,10362,5123,7110,3602,7633,3958,0,0,74257,"[17840, 10516, 10854, 11415, 11520, 9358, 2754]",39512,"[9502, 5604, 5720, 6140, 6126, 4957, 1463]",0,0,0,77422,"[17283, 10720, 11027, 12147, 12676, 10482, 3087]",38364,"[8443, 5279, 5489, 6065, 6363, 5232, 1493]"
53,npc_dota_hero_furion,all,Ranged,"['Carry', 'Pusher', 'Escape', 'Nuker']",/apps/dota2/images/dota_react/heroes/furion.png?,/apps/dota2/images/dota_react/heroes/icons/furion.png?,120,0.25,75,0.0,0,25,20,26,19,14,22,2.6,2.6,3.5,600,1125,1.5,100,0.4,295,0.9,True,2,1800,800,Nature's Prophet,25180,11470,63002,27055,71648,30332,67310,28466,49537,21008,31252,13426,28185,12187,0,0,357442,"[90219, 52172, 52286, 54036, 54009, 43168, 11552]",153851,"[38876, 22548, 22234, 23381, 23151, 18647, 5014]",17,8,31,368581,"[83327, 52241, 52844, 57770, 59005, 48803, 14591]",158977,"[35752, 22678, 22954, 25014, 25549, 20808, 6222]"
54,npc_dota_hero_life_stealer,str,Melee,"['Carry', 'Durable', 'Escape', 'Disabler']",/apps/dota2/images/dota_react/heroes/life_stealer.png?,/apps/dota2/images/dota_react/heroes/icons/life_stealer.png?,120,0.25,75,0.0,1,25,26,32,23,15,15,2.4,1.9,1.8,150,900,1.7,120,0.39,320,0.9,True,2,1800,800,Lifestealer,17180,8688,49933,25446,68517,35610,70766,37162,57910,30399,37771,19859,34702,18101,0,0,212375,"[52302, 31013, 30954, 32377, 32716, 26316, 6697]",109467,"[27162, 15967, 15980, 16706, 16787, 13455, 3410]",10,7,22,361680,"[77620, 50601, 52017, 57687, 59689, 49778, 14288]",187865,"[40624, 26182, 26831, 29994, 30986, 25829, 7419]"
55,npc_dota_hero_dark_seer,int,Melee,"['Initiator', 'Escape', 'Disabler']",/apps/dota2/images/dota_react/heroes/dark_seer.png?,/apps/dota2/images/dota_react/heroes/icons/dark_seer.png?,120,1.0,75,0.0,2,25,31,37,20,19,22,2.6,1.5,2.7,150,900,1.7,100,0.59,295,,True,2,1800,800,Dark Seer,6101,3042,15739,7516,19123,9268,19194,9176,16459,7962,11487,5681,12689,6381,0,0,119793,"[28089, 17452, 17436, 18929, 19052, 14901, 3934]",62821,"[14857, 9145, 9141, 9929, 9970, 7712, 2067]",15,4,17,110080,"[25186, 15991, 16044, 17061, 17612, 14019, 4167]",53558,"[12222, 7817, 7832, 8261, 8607, 6871, 1948]"
56,npc_dota_hero_clinkz,agi,Ranged,"['Carry', 'Escape', 'Pusher']",/apps/dota2/images/dota_react/heroes/clinkz.png?,/apps/dota2/images/dota_react/heroes/icons/clinkz.png?,120,0.25,75,0.0,0,25,19,25,18,25,21,2.0,2.7,2.2,600,900,1.7,100,0.4,285,,True,2,1800,800,Clinkz,19066,9197,36397,17783,35219,17231,29092,14325,20382,10182,12976,6554,12652,6450,0,0,205762,"[51160, 29612, 29276, 30982, 31375, 26539, 6818]",103250,"[25697, 14883, 14741, 15433, 15845, 13262, 3389]",5,1,6,189602,"[42542, 26487, 27007, 30190, 30827, 25576, 6973]",93498,"[20890, 13062, 13391, 14825, 15228, 12685, 3417]"
57,npc_dota_hero_omniknight,str,Melee,"['Support', 'Durable', 'Nuker']",/apps/dota2/images/dota_react/heroes/omniknight.png?,/apps/dota2/images/dota_react/heroes/icons/omniknight.png?,120,0.25,75,0.0,2,25,31,41,22,15,16,3.1,1.7,2.1,150,900,1.7,100,0.433,310,,True,2,1800,800,Omniknight,8262,4038,21633,10554,25428,12470,24560,12120,18847,9532,11874,6058,10754,5615,0,0,125150,"[31211, 18711, 18143, 18996, 19262, 14866, 3961]",62524,"[15640, 9334, 9110, 9511, 9533, 7381, 2015]",0,0,1,133103,"[31427, 19319, 18944, 20944, 21025, 16784, 4660]",66108,"[15562, 9516, 9419, 10392, 10540, 8379, 2300]"
58,npc_dota_hero_enchantress,int,Ranged,"['Support', 'Pusher', 'Durable', 'Disabler']",/apps/dota2/images/dota_react/heroes/enchantress.png?,/apps/dota2/images/dota_react/heroes/icons/enchantress.png?,120,0.25,75,0.5,1,25,21,31,17,19,22,2.0,2.1,4.0,575,900,1.7,100,0.3,320,,True,4,1800,800,Enchantress,11523,5576,20955,10210,19448,9213,15731,7403,10765,5108,6927,3299,7444,3574,0,0,131742,"[32471, 19498, 19099, 20127, 20295, 16236, 4016]",65675,"[16243, 9683, 9461, 10034, 10164, 8168, 1922]",7,4,8,106092,"[23885, 15003, 15558, 16641, 17059, 14084, 3862]",50960,"[11538, 7149, 7376, 8066, 8142, 6823, 1866]"
59,npc_dota_hero_huskar,str,Ranged,"['Carry', 'Durable', 'Initiator']",/apps/dota2/images/dota_react/heroes/huskar.png?,/apps/dota2/images/dota_react/heroes/icons/huskar.png?,120,0.25,0,0.0,1,25,21,26,23,10,18,3.3,1.5,0.0,400,1400,1.6,100,0.3,290,,True,2,1800,800,Huskar,17323,7763,31968,13890,30961,13808,26713,11944,19302,8802,12111,5568,11469,5315,0,0,159322,"[39986, 23055, 23214, 23950, 23885, 20040, 5192]",72395,"[18125, 10523, 10550, 10948, 10840, 8977, 2432]",5,3,46,175418,"[39698, 24756, 25406, 27412, 27668, 23672, 6806]",79037,"[17962, 11277, 11283, 12265, 12529, 10655, 3066]"
60,npc_dota_hero_night_stalker,str,Melee,"['Carry', 'Initiator', 'Durable', 'Disabler', 'Nuker']",/apps/dota2/images/dota_react/heroes/night_stalker.png?,/apps/dota2/images/dota_react/heroes/icons/night_stalker.png?,120,1.5,75,0.25,2,25,40,44,23,18,15,3.0,2.2,1.6,150,900,1.7,100,0.55,295,,True,2,800,1800,Night Stalker,9349,4629,28162,13948,41376,21182,48431,25432,43441,23299,30828,16474,34014,18476,0,0,78938,"[19462, 12558, 11016, 11883, 11876, 9630, 2513]",37669,"[9307, 5960, 5259, 5690, 5635, 4605, 1213]",7,4,29,250079,"[52435, 34621, 35615, 40204, 42100, 35169, 9935]",130735,"[27457, 18001, 18569, 20947, 22173, 18413, 5175]"
61,npc_dota_hero_broodmother,agi,Melee,"['Carry', 'Pusher', 'Escape', 'Nuker']",/apps/dota2/images/dota_react/heroes/broodmother.png?,/apps/dota2/images/dota_react/heroes/icons/broodmother.png?,120,0.25,75,0.0,-1,25,27,33,18,18,18,2.9,3.4,2.0,175,900,1.7,125,0.4,285,,True,8,1800,800,Broodmother,8881,4389,17739,8713,17355,8590,13345,6774,8764,4391,4840,2420,5035,2520,0,0,82426,"[21518, 12301, 11901, 12057, 11684, 10500, 2465]",39212,"[10255, 5838, 5711, 5817, 5411, 4983, 1197]",0,0,3,89397,"[20522, 12982, 12925, 13464, 13545, 12814, 3145]",44431,"[10191, 6317, 6524, 6598, 6816, 6442, 1543]"
62,npc_dota_hero_bounty_hunter,agi,Melee,"['Escape', 'Nuker']",/apps/dota2/images/dota_react/heroes/bounty_hunter.png?,/apps/dota2/images/dota_react/heroes/icons/bounty_hunter.png?,120,0.75,75,0.5,5,25,33,41,19,21,20,2.5,2.6,1.9,150,900,1.5,100,0.59,325,,True,2,1800,1000,Bounty Hunter,13940,6725,32299,16052,35135,17658,32863,16862,25909,13523,16822,8900,18601,10307,0,0,172763,"[42245, 24731, 25092, 26399, 26683, 21855, 5758]",82088,"[20092, 11703, 11979, 12598, 12600, 10352, 2764]",1,0,0,194441,"[42467, 27115, 28192, 30773, 31915, 26442, 7537]",99311,"[21660, 14012, 14245, 15616, 16454, 13483, 3841]"
63,npc_dota_hero_weaver,agi,Ranged,"['Carry', 'Escape']",/apps/dota2/images/dota_react/heroes/weaver.png?,/apps/dota2/images/dota_react/heroes/icons/weaver.png?,120,1.25,75,0.5,1,25,37,43,16,17,20,2.0,3.3,2.0,425,900,1.8,120,0.55,275,,True,4,1800,800,Weaver,20858,10098,46481,22051,50654,23686,46502,21909,34513,16067,20522,9572,19065,9049,0,0,246679,"[61902, 35994, 35433, 37501, 37412, 30404, 8033]",121787,"[30617, 17757, 17505, 18467, 18459, 15025, 3957]",3,0,2,266425,"[59797, 37454, 37657, 42282, 43545, 35054, 10636]",126137,"[28236, 17759, 17899, 19862, 20656, 16599, 5126]"
64,npc_dota_hero_jakiro,int,Ranged,"['Support', 'Nuker', 'Pusher', 'Disabler']",/apps/dota2/images/dota_react/heroes/jakiro.png?,/apps/dota2/images/dota_react/heroes/icons/jakiro.png?,120,0.25,75,0.0,1,25,27,35,25,15,25,2.5,1.2,3.0,400,1100,1.7,100,0.4,290,0.8,True,2,1800,800,Jakiro,26713,13295,73208,35446,92787,44594,90991,43128,68277,31706,41532,19109,32305,14712,0,0,575852,"[142086, 84155, 83785, 89225, 89254, 69146, 18201]",282905,"[69943, 41468, 41030, 43708, 43710, 34113, 8933]",6,0,0,457974,"[105073, 65277, 65451, 72615, 73823, 58812, 16923]",217942,"[50134, 31204, 31074, 34321, 35123, 28077, 8009]"
65,npc_dota_hero_batrider,all,Ranged,"['Initiator', 'Disabler', 'Escape']",/apps/dota2/images/dota_react/heroes/batrider.png?,/apps/dota2/images/dota_react/heroes/icons/batrider.png?,120,1.25,75,0.0,2,25,12,16,23,13,22,2.9,2.0,2.9,400,900,1.7,100,0.3,320,0.9,True,2,1800,800,Batrider,3682,1523,10460,4267,12732,5316,12207,5065,9386,3947,6410,2760,6241,2744,0,0,69506,"[18705, 10475, 10113, 10453, 9941, 7822, 1997]",28188,"[7719, 4337, 4068, 4196, 3935, 3114, 819]",3,1,3,68887,"[17241, 10210, 9831, 10444, 10505, 8366, 2290]",29193,"[7310, 4362, 4169, 4347, 4439, 3608, 958]"
66,npc_dota_hero_chen,int,Ranged,"['Support', 'Pusher']",/apps/dota2/images/dota_react/heroes/chen.png?,/apps/dota2/images/dota_react/heroes/icons/chen.png?,120,0.25,75,0.5,-1,25,29,39,23,15,19,2.0,2.1,3.2,650,1100,1.7,100,0.5,305,,True,2,1800,800,Chen,1323,598,3003,1332,3314,1435,3192,1432,2340,1062,1572,756,1847,942,0,0,19917,"[4504, 2850, 3002, 3115, 3090, 2715, 641]",8253,"[1913, 1147, 1281, 1297, 1238, 1106, 271]",0,0,1,20113,"[4447, 2994, 2793, 3129, 3096, 2917, 737]",9142,"[2042, 1365, 1261, 1382, 1403, 1341, 348]"
67,npc_dota_hero_spectre,agi,Melee,"['Carry', 'Durable', 'Escape']",/apps/dota2/images/dota_react/heroes/spectre.png?,/apps/dota2/images/dota_react/heroes/icons/spectre.png?,120,1.5,75,0.0,0,25,23,27,21,26,16,2.4,2.4,1.7,150,900,1.8,110,0.3,295,,True,0,1800,800,Spectre,24540,13786,69697,38409,84965,46272,81322,44387,62113,33622,39470,21277,37688,20043,0,0,211883,"[47993, 29252, 30780, 33806, 34149, 28455, 7448]",120941,"[27461, 16808, 17560, 19166, 19486, 16167, 4293]",8,4,16,425822,"[89140, 57946, 60742, 69015, 72109, 60051, 16819]",231967,"[48498, 31486, 33057, 37779, 39342, 32706, 9099]"
68,npc_dota_hero_ancient_apparition,int,Ranged,"['Support', 'Disabler', 'Nuker']",/apps/dota2/images/dota_react/heroes/ancient_apparition.png?,/apps/dota2/images/dota_react/heroes/icons/ancient_apparition.png?,120,0.25,75,0.0,-1,25,21,31,20,20,23,1.9,2.0,3.1,675,1250,1.7,100,0.45,285,,True,0,1800,800,Ancient Apparition,15233,7861,41259,21198,52536,27128,51398,26448,39000,19893,24303,12199,19759,9780,0,0,234874,"[56306, 33554, 33569, 36913, 37252, 29441, 7839]",122902,"[29555, 17579, 17351, 19302, 19569, 15367, 4179]",2,1,1,262582,"[57313, 36358, 37537, 42512, 44001, 34854, 10007]",134231,"[29208, 18505, 19275, 21759, 22547, 17807, 5130]"
69,npc_dota_hero_doom_bringer,str,Melee,"['Carry', 'Disabler', 'Initiator', 'Durable', 'Nuker']",/apps/dota2/images/dota_react/heroes/doom_bringer.png?,/apps/dota2/images/dota_react/heroes/icons/doom_bringer.png?,120,0.66,75,0.0,2,25,32,42,24,15,15,3.6,1.5,1.9,200,900,1.9,100,0.5,290,,True,2,1800,800,Doom,12807,5815,34250,15399,44569,20007,46878,21571,39702,18570,28169,13472,30882,15085,0,0,209562,"[51685, 30905, 30794, 32479, 32189, 24862, 6648]",96970,"[23964, 14252, 14242, 15061, 14819, 11504, 3128]",17,7,53,255526,"[57550, 36225, 36757, 40955, 41038, 33076, 9925]",118431,"[26285, 16724, 17149, 19000, 19220, 15391, 4662]"
70,npc_dota_hero_ursa,agi,Melee,"['Carry', 'Durable', 'Disabler']",/apps/dota2/images/dota_react/heroes/ursa.png?,/apps/dota2/images/dota_react/heroes/icons/ursa.png?,120,1.0,75,0.0,1,25,24,28,25,18,16,2.4,2.8,1.5,150,900,1.7,100,0.3,310,,True,2,1800,800,Ursa,18488,8302,44532,20117,53513,24830,52373,24567,40397,19040,25620,12104,23076,11012,0,0,215130,"[55714, 32432, 31150, 32249, 31132, 25877, 6576]",102902,"[26684, 15441, 14893, 15350, 14936, 12420, 3178]",6,4,8,286416,"[65205, 40700, 40576, 44927, 46040, 37997, 10971]",133267,"[30244, 18908, 18918, 20782, 21599, 17665, 5151]"
71,npc_dota_hero_spirit_breaker,str,Melee,"['Carry', 'Initiator', 'Disabler', 'Durable', 'Escape']",/apps/dota2/images/dota_react/heroes/spirit_breaker.png?,/apps/dota2/images/dota_react/heroes/icons/spirit_breaker.png?,120,1.25,75,0.5,1,25,34,44,28,17,14,3.3,1.7,1.8,170,900,1.9,100,0.6,295,,True,2,1800,800,Spirit Breaker,35951,18441,91770,47655,107540,55750,104484,53937,81102,42116,51475,26334,46939,24030,0,0,447017,"[106310, 64401, 65389, 68578, 69801, 57793, 14745]",216576,"[51723, 31414, 31672, 33057, 33680, 28088, 6942]",8,3,6,563860,"[119791, 78406, 80781, 90306, 94376, 77885, 22315]",291505,"[61936, 40724, 41719, 46754, 48544, 40384, 11444]"
72,npc_dota_hero_gyrocopter,agi,Ranged,"['Carry', 'Nuker', 'Disabler']",/apps/dota2/images/dota_react/heroes/gyrocopter.png?,/apps/dota2/images/dota_react/heroes/icons/gyrocopter.png?,120,0.25,75,0.0,1,25,18,24,22,25,21,2.5,3.4,2.4,365,3000,1.7,115,0.2,315,,True,2,1800,800,Gyrocopter,7452,3183,19053,8043,26074,11147,27149,11537,21505,9007,12860,5481,10544,4443,0,0,128812,"[32157, 18821, 18735, 19935, 20136, 14887, 4141]",57080,"[14316, 8326, 8210, 8890, 8812, 6662, 1864]",6,4,5,138126,"[31489, 19657, 19987, 21735, 22434, 17267, 5557]",58942,"[13389, 8320, 8500, 9316, 9649, 7381, 2387]"
73,npc_dota_hero_alchemist,str,Melee,"['Carry', 'Support', 'Durable', 'Disabler', 'Initiator', 'Nuker']",/apps/dota2/images/dota_react/heroes/alchemist.png?,/apps/dota2/images/dota_react/heroes/icons/alchemist.png?,120,0.25,75,0.0,0,25,27,33,23,22,25,2.7,1.5,1.8,150,900,1.7,110,0.35,295,,True,2,1800,800,Alchemist,10497,5069,29718,14116,37699,17878,37922,17881,28852,13412,17627,8127,14488,6672,0,0,143336,"[36656, 21325, 20726, 21698, 21503, 16913, 4515]",70313,"[18074, 10372, 10146, 10614, 10609, 8329, 2169]",7,3,7,193840,"[45435, 27799, 27781, 30100, 30565, 24942, 7218]",91373,"[21472, 13084, 13155, 14225, 14366, 11761, 3310]"
74,npc_dota_hero_invoker,int,Ranged,"['Carry', 'Nuker', 'Disabler', 'Escape', 'Pusher']",/apps/dota2/images/dota_react/heroes/invoker.png?,/apps/dota2/images/dota_react/heroes/icons/invoker.png?,120,0.25,75,0.0,-1,25,19,25,19,14,20,2.5,2.0,4.0,600,900,1.7,100,0.4,285,,True,2,1800,800,Invoker,26084,12929,82384,41176,113784,57253,121389,61834,99163,51011,66481,34510,67655,35733,0,0,421950,"[90532, 58490, 61798, 65991, 68897, 60520, 15722]",210001,"[45023, 29376, 30808, 32975, 34147, 29859, 7813]",16,12,32,612651,"[128226, 84250, 87475, 96836, 102407, 89117, 24340]",312240,"[65483, 42992, 44461, 49276, 52255, 45405, 12368]"
75,npc_dota_hero_silencer,int,Ranged,"['Carry', 'Support', 'Disabler', 'Initiator', 'Nuker']",/apps/dota2/images/dota_react/heroes/silencer.png?,/apps/dota2/images/dota_react/heroes/icons/silencer.png?,120,0.25,75,0.0,0,25,18,32,18,22,25,2.2,2.2,2.9,600,900,1.6,110,0.5,300,,True,2,1800,800,Silencer,24511,12906,71659,37213,92186,47152,90143,45948,69166,35120,42885,21751,37911,18956,0,0,289540,"[70475, 40721, 41523, 45079, 45603, 36698, 9441]",151288,"[36758, 21286, 21693, 23531, 23968, 19190, 4862]",23,11,14,455006,"[97672, 62159, 65129, 74111, 76258, 61756, 17921]",232802,"[50082, 31888, 33252, 37871, 39062, 31577, 9070]"
76,npc_dota_hero_obsidian_destroyer,int,Ranged,"['Carry', 'Nuker', 'Disabler']",/apps/dota2/images/dota_react/heroes/obsidian_destroyer.png?,/apps/dota2/images/dota_react/heroes/icons/obsidian_destroyer.png?,120,1.0,75,0.0,0,25,19,31,21,17,30,2.9,1.6,4.2,450,900,1.9,100,0.46,315,,True,4,1800,800,Outworld Devourer,10275,4783,25236,11970,32840,16273,33328,16690,25773,13138,15837,7844,14312,7162,0,0,149228,"[37447, 21912, 21758, 22789, 22724, 17943, 4655]",71644,"[17900, 10577, 10484, 11041, 10852, 8595, 2195]",3,2,4,172666,"[37739, 24209, 24837, 28002, 28621, 22549, 6709]",85090,"[18507, 12061, 12178, 13816, 14089, 11140, 3299]"
77,npc_dota_hero_lycan,str,Melee,"['Carry', 'Pusher', 'Durable', 'Escape']",/apps/dota2/images/dota_react/heroes/lycan.png?,/apps/dota2/images/dota_react/heroes/icons/lycan.png?,120,0.25,75,0.0,0,25,24,29,28,18,23,3.4,1.7,1.7,150,900,1.7,110,0.55,305,,True,2,1800,800,Lycan,3244,1504,7871,3629,9418,4411,8881,4347,7175,3618,5125,2615,6812,3567,0,0,31852,"[7360, 4445, 4669, 4980, 5054, 4197, 1147]",14792,"[3470, 2083, 2176, 2270, 2390, 1907, 496]",7,4,40,55001,"[11644, 7593, 7852, 8690, 9087, 7945, 2190]",26914,"[5688, 3732, 3769, 4262, 4455, 3883, 1125]"
78,npc_dota_hero_brewmaster,all,Melee,"['Carry', 'Initiator', 'Durable', 'Disabler', 'Nuker']",/apps/dota2/images/dota_react/heroes/brewmaster.png?,/apps/dota2/images/dota_react/heroes/icons/brewmaster.png?,120,0.5,75,0.0,1,25,26,33,24,19,17,3.2,2.0,1.9,150,900,1.7,100,0.35,310,,True,2,1800,800,Brewmaster,3248,1571,7977,3902,10285,5007,10426,5194,8916,4487,6587,3327,7580,3987,0,0,39183,"[9422, 5639, 5817, 5983, 5832, 5114, 1376]",18592,"[4524, 2627, 2755, 2770, 2779, 2470, 667]",7,4,15,60794,"[13693, 8473, 8599, 9640, 9757, 8348, 2284]",30269,"[6703, 4229, 4275, 4811, 4882, 4194, 1175]"
79,npc_dota_hero_shadow_demon,int,Ranged,"['Support', 'Disabler', 'Initiator', 'Nuker']",/apps/dota2/images/dota_react/heroes/shadow_demon.png?,/apps/dota2/images/dota_react/heroes/icons/shadow_demon.png?,120,0.25,75,0.0,0,25,29,33,23,18,22,2.6,2.2,3.6,500,900,1.7,100,0.35,290,,True,2,1800,800,Shadow Demon,4635,1984,12459,5343,16357,7164,17064,7618,14251,6392,10202,4555,10666,4909,0,0,55690,"[13287, 7975, 7965, 8717, 8798, 7055, 1893]",24631,"[5911, 3513, 3506, 3904, 3856, 3117, 824]",9,4,5,93757,"[21417, 13307, 13451, 14789, 14917, 12398, 3478]",41559,"[9524, 5894, 5902, 6515, 6616, 5551, 1557]"
80,npc_dota_hero_lone_druid,agi,Ranged,"['Carry', 'Pusher', 'Durable']",/apps/dota2/images/dota_react/heroes/lone_druid.png?,/apps/dota2/images/dota_react/heroes/icons/lone_druid.png?,120,0.25,75,0.0,0,25,22,26,20,22,13,2.5,2.8,1.4,550,1125,1.6,100,0.33,300,,True,2,1800,800,Lone Druid,4336,2055,11909,5676,14492,7068,14392,7155,11106,5342,7206,3539,8185,4084,0,0,46707,"[11292, 6808, 6898, 7076, 7183, 5845, 1605]",20317,"[5027, 2951, 2998, 3095, 3059, 2518, 669]",7,4,104,79307,"[18104, 11544, 11450, 12410, 12230, 10498, 3071]",38560,"[8808, 5631, 5597, 6068, 5941, 5027, 1488]"
81,npc_dota_hero_chaos_knight,str,Melee,"['Carry', 'Disabler', 'Durable', 'Pusher', 'Initiator']",/apps/dota2/images/dota_react/heroes/chaos_knight.png?,/apps/dota2/images/dota_react/heroes/icons/chaos_knight.png?,120,0.25,75,0.0,2,25,29,49,24,18,18,3.1,1.8,1.2,150,900,1.7,100,0.5,325,,True,2,1800,800,Chaos Knight,17796,9296,39658,20411,40583,20634,33196,16731,22325,11071,12385,6212,9261,4504,0,0,211923,"[52582, 30908, 30999, 32299, 32578, 25673, 6884]",115514,"[28701, 16853, 16827, 17623, 17752, 14008, 3750]",0,0,2,197912,"[45128, 28323, 28396, 30762, 31905, 25859, 7539]",100703,"[22818, 14602, 14526, 15501, 16228, 13162, 3866]"
82,npc_dota_hero_meepo,agi,Melee,"['Carry', 'Escape', 'Nuker', 'Disabler', 'Initiator', 'Pusher']",/apps/dota2/images/dota_react/heroes/meepo.png?,/apps/dota2/images/dota_react/heroes/icons/meepo.png?,120,0.25,75,0.25,3,25,29,35,24,17,18,2.2,2.1,1.9,150,900,1.7,100,0.38,315,0.9,True,2,1800,800,Meepo,6238,3119,13618,6963,14053,7194,11571,6025,8138,4188,4556,2410,4874,2644,0,0,61419,"[13409, 8264, 9485, 9576, 9568, 8814, 2303]",28838,"[6289, 3928, 4454, 4449, 4514, 4135, 1069]",4,3,4,73182,"[15806, 10055, 12106, 10721, 11347, 10416, 2731]",37472,"[8201, 5100, 6300, 5409, 5805, 5288, 1369]"
83,npc_dota_hero_treant,str,Melee,"['Support', 'Initiator', 'Durable', 'Disabler', 'Escape']",/apps/dota2/images/dota_react/heroes/treant.png?,/apps/dota2/images/dota_react/heroes/icons/treant.png?,120,0.25,75,0.25,1,25,60,68,25,15,20,3.4,1.8,1.8,150,900,1.9,100,0.6,280,,True,2,1800,800,Treant Protector,7136,3450,19230,9338,24486,12154,24861,12415,20741,10453,15029,7715,21527,11459,0,0,67063,"[16571, 9689, 9652, 10287, 10205, 8499, 2160]",31183,"[7684, 4553, 4542, 4692, 4770, 3959, 983]",29,14,114,143294,"[32296, 19968, 20414, 22502, 22938, 19543, 5633]",72062,"[16343, 10007, 10180, 11434, 11379, 9865, 2854]"
84,npc_dota_hero_ogre_magi,str,Melee,"['Support', 'Nuker', 'Disabler', 'Durable', 'Initiator']",/apps/dota2/images/dota_react/heroes/ogre_magi.png?,/apps/dota2/images/dota_react/heroes/icons/ogre_magi.png?,120,1.5,120,0.0,4,25,45,51,25,14,0,4.2,1.5,0.0,150,900,1.7,100,0.3,290,,True,2,1800,800,Ogre Magi,41394,21887,112530,58208,134241,68938,123633,62997,89386,44948,51965,25905,38955,19323,0,0,665475,"[153798, 93448, 96780, 104862, 106935, 86698, 22954]",359936,"[83044, 50438, 52375, 57081, 57760, 46819, 12419]",10,6,1,638005,"[136101, 87208, 91085, 103407, 106572, 87619, 26013]",326176,"[70023, 44494, 46390, 52819, 54432, 44652, 13366]"
85,npc_dota_hero_undying,str,Melee,"['Support', 'Durable', 'Disabler', 'Nuker']",/apps/dota2/images/dota_react/heroes/undying.png?,/apps/dota2/images/dota_react/heroes/icons/undying.png?,120,-0.25,75,0.25,0,25,33,41,22,13,27,2.4,1.2,2.8,150,900,1.7,100,0.3,300,,True,2,1800,800,Undying,22960,11760,64251,33495,80850,42432,78710,41740,59083,30744,38222,20305,37332,19645,0,0,234070,"[55897, 33085, 33767, 36680, 36769, 29994, 7878]",119775,"[28633, 16904, 17230, 18780, 18725, 15509, 3994]",22,10,23,406647,"[86891, 55719, 57683, 65059, 67435, 57486, 16374]",213019,"[45308, 29135, 30288, 34083, 35308, 30394, 8503]"
86,npc_dota_hero_rubick,int,Ranged,"['Support', 'Disabler', 'Nuker']",/apps/dota2/images/dota_react/heroes/rubick.png?,/apps/dota2/images/dota_react/heroes/icons/rubick.png?,120,0.25,75,0.5,1,25,25,31,21,23,24,2.0,2.5,3.7,550,1125,1.7,100,0.4,290,0.7,True,2,1800,800,Rubick,23932,11510,75955,36642,113230,55613,130743,64308,115501,57411,81249,40804,82345,41221,0,0,453767,"[100036, 62116, 66034, 72963, 73688, 61965, 16965]",224806,"[49536, 30697, 32798, 36228, 36510, 30640, 8397]",51,25,33,654923,"[135937, 89024, 93599, 105819, 110248, 92510, 27786]",323121,"[67333, 44052, 45822, 52503, 54428, 45244, 13739]"
87,npc_dota_hero_disruptor,int,Ranged,"['Support', 'Disabler', 'Nuker', 'Initiator']",/apps/dota2/images/dota_react/heroes/disruptor.png?,/apps/dota2/images/dota_react/heroes/icons/disruptor.png?,120,0.25,75,0.0,0,25,27,31,21,15,20,2.4,1.4,2.9,625,1200,1.7,100,0.4,295,,True,2,1800,800,Disruptor,11694,5711,36620,18061,54125,26578,60004,29739,50862,25462,34074,16923,33465,16792,0,0,175799,"[42249, 25613, 25711, 27939, 27391, 21004, 5892]",81023,"[19320, 11804, 11850, 12837, 12667, 9776, 2769]",8,3,3,296684,"[64225, 40926, 42316, 48342, 49411, 39266, 12198]",147077,"[31675, 20207, 21000, 23962, 24556, 19593, 6084]"
88,npc_dota_hero_nyx_assassin,all,Melee,"['Disabler', 'Nuker', 'Initiator', 'Escape']",/apps/dota2/images/dota_react/heroes/nyx_assassin.png?,/apps/dota2/images/dota_react/heroes/icons/nyx_assassin.png?,120,2.0,75,0.0,1,25,26,30,17,18,21,2.7,2.9,2.6,150,900,1.7,100,0.46,310,,True,6,1800,800,Nyx Assassin,13288,6804,37346,19457,49361,25673,51025,26458,42363,22126,28797,15296,28117,14844,0,0,243587,"[57395, 34282, 35002, 38287, 38994, 31165, 8462]",125743,"[29613, 17525, 17966, 19778, 20150, 16251, 4460]",3,1,7,269529,"[57900, 36908, 37920, 43847, 45199, 36942, 10813]",140514,"[30327, 19209, 19799, 22787, 23428, 19343, 5621]"
89,npc_dota_hero_naga_siren,agi,Melee,"['Carry', 'Support', 'Pusher', 'Disabler', 'Initiator', 'Escape']",/apps/dota2/images/dota_react/heroes/naga_siren.png?,/apps/dota2/images/dota_react/heroes/icons/naga_siren.png?,120,1.0,75,0.0,1,25,23,25,21,22,19,2.4,3.4,2.0,150,900,1.7,110,0.5,330,,True,0,1800,800,Naga Siren,8573,4395,17239,8592,14192,6859,10278,5007,6402,3102,3821,1857,3458,1709,0,0,84346,"[20505, 12693, 12460, 12720, 12539, 10744, 2685]",43194,"[10492, 6527, 6361, 6551, 6359, 5533, 1371]",1,1,7,76408,"[17583, 11370, 11270, 11574, 11795, 10195, 2621]",37806,"[8654, 5683, 5524, 5815, 5813, 5010, 1307]"
90,npc_dota_hero_keeper_of_the_light,int,Ranged,"['Support', 'Nuker', 'Disabler']",/apps/dota2/images/dota_react/heroes/keeper_of_the_light.png?,/apps/dota2/images/dota_react/heroes/icons/keeper_of_the_light.png?,120,0.25,75,0.0,0,25,20,27,18,15,24,2.3,1.6,3.3,600,900,1.7,100,0.3,315,0.7,True,2,1800,800,Keeper of the Light,16733,7985,40858,19812,46630,22789,43745,21952,32837,16835,21718,11241,24182,12877,0,0,240360,"[59252, 35264, 35582, 36769, 36252, 29445, 7796]",109776,"[27047, 16039, 16285, 16811, 16523, 13450, 3621]",19,15,54,248426,"[56708, 35450, 35597, 37738, 39346, 34261, 9326]",123791,"[27987, 17470, 17683, 19011, 19758, 17235, 4647]"
91,npc_dota_hero_wisp,all,Ranged,"['Support', 'Escape', 'Nuker']",/apps/dota2/images/dota_react/heroes/wisp.png?,/apps/dota2/images/dota_react/heroes/icons/wisp.png?,120,0.25,75,0.0,1,25,21,27,19,14,21,3.0,1.6,1.7,500,1200,1.7,100,0.3,320,0.7,True,0,1800,800,Io,10376,5157,27230,13464,32396,15989,29966,14685,22160,11028,14707,7272,15737,7921,0,0,157432,"[38047, 22437, 23257, 24275, 24308, 20330, 4778]",77658,"[18772, 11124, 11433, 11961, 11969, 10019, 2380]",7,4,7,165408,"[36948, 23251, 23671, 25363, 27134, 23524, 5517]",81775,"[18253, 11466, 11842, 12332, 13499, 11694, 2689]"
92,npc_dota_hero_visage,all,Ranged,"['Support', 'Nuker', 'Durable', 'Disabler', 'Pusher']",/apps/dota2/images/dota_react/heroes/visage.png?,/apps/dota2/images/dota_react/heroes/icons/visage.png?,120,0.25,75,0.0,0,25,21,31,22,11,22,2.8,1.3,2.9,600,1400,1.7,110,0.4,285,,True,2,1800,800,Visage,3942,1929,9757,4881,10652,5368,9962,5256,7359,3874,5409,2890,6372,3530,0,0,42254,"[10207, 6115, 6325, 6430, 6245, 5566, 1366]",19918,"[4874, 2888, 2970, 3028, 2979, 2556, 623]",0,0,2,60416,"[13821, 8677, 8929, 9324, 9410, 8213, 2042]",31148,"[7100, 4526, 4614, 4785, 4866, 4223, 1034]"
93,npc_dota_hero_slark,agi,Melee,"['Carry', 'Escape', 'Disabler', 'Nuker']",/apps/dota2/images/dota_react/heroes/slark.png?,/apps/dota2/images/dota_react/heroes/icons/slark.png?,120,0.25,75,0.0,0,25,37,43,20,21,16,2.1,1.5,1.9,150,0,1.7,120,0.5,300,0.7,True,2,1800,1800,Slark,19331,9901,56195,27988,73891,36183,74855,36743,59292,29157,37642,18554,34101,17075,0,0,222822,"[50430, 30570, 32183, 35184, 35849, 29950, 8656]",114584,"[25935, 15705, 16482, 18263, 18382, 15385, 4432]",3,0,4,386158,"[81267, 52770, 54932, 62350, 64836, 53156, 16847]",191419,"[40399, 26107, 27239, 30994, 32157, 26134, 8389]"
94,npc_dota_hero_medusa,agi,Ranged,"['Carry', 'Disabler', 'Durable']",/apps/dota2/images/dota_react/heroes/medusa.png?,/apps/dota2/images/dota_react/heroes/icons/medusa.png?,120,0.25,75,0.0,-1,25,26,32,0,22,25,0.0,3.6,3.6,600,1200,1.7,100,0.5,275,,True,0,1800,800,Medusa,9415,4706,24579,12273,28927,14449,28176,14055,20994,10470,12439,6253,9925,4893,0,0,116536,"[27556, 16257, 16961, 18598, 18360, 14768, 4036]",63901,"[15338, 8862, 9372, 10077, 9986, 8115, 2151]",1,0,0,146521,"[31428, 20190, 21159, 23511, 24709, 19749, 5775]",73169,"[15730, 10044, 10510, 11819, 12381, 9848, 2837]"
95,npc_dota_hero_troll_warlord,agi,Ranged,"['Carry', 'Pusher', 'Disabler', 'Durable']",/apps/dota2/images/dota_react/heroes/troll_warlord.png?,/apps/dota2/images/dota_react/heroes/icons/troll_warlord.png?,120,0.25,75,0.0,-1,25,27,35,21,23,13,2.5,3.3,1.0,500,1200,1.7,100,0.3,290,,True,2,1800,800,Troll Warlord,12842,6614,22778,11677,20727,10564,16684,8283,11854,5918,6809,3380,5535,2741,0,0,103802,"[25347, 14922, 14732, 15698, 16036, 13495, 3572]",55040,"[13531, 7895, 7763, 8280, 8439, 7224, 1908]",0,0,3,115799,"[25609, 15906, 16368, 18317, 19033, 16014, 4552]",58773,"[13049, 8044, 8265, 9410, 9615, 8079, 2311]"
96,npc_dota_hero_centaur,str,Melee,"['Durable', 'Initiator', 'Disabler', 'Nuker', 'Escape']",/apps/dota2/images/dota_react/heroes/centaur.png?,/apps/dota2/images/dota_react/heroes/icons/centaur.png?,120,3.0,75,0.0,-2,25,36,38,27,15,15,4.2,1.0,1.6,150,900,1.7,90,0.3,300,,True,4,1800,800,Centaur Warrunner,9967,5129,28539,14485,39342,19910,42254,21426,35344,17866,22771,11669,22218,11122,0,0,116947,"[26658, 16147, 17012, 18792, 18690, 15635, 4013]",62844,"[14337, 8613, 9195, 10103, 10004, 8401, 2191]",33,21,22,214155,"[44767, 28780, 30288, 34782, 36240, 30161, 9137]",108541,"[22609, 14744, 15340, 17535, 18309, 15370, 4634]"
97,npc_dota_hero_magnataur,all,Melee,"['Initiator', 'Disabler', 'Nuker', 'Escape']",/apps/dota2/images/dota_react/heroes/magnataur.png?,/apps/dota2/images/dota_react/heroes/icons/magnataur.png?,120,0.5,75,0.5,1,25,31,39,23,14,20,3.1,2.0,2.1,200,900,1.8,100,0.5,305,0.8,True,4,1800,800,Magnus,9868,4809,37063,17661,60669,29327,72717,35691,64324,31888,44499,22090,41952,20895,0,0,210371,"[48389, 29733, 30739, 33033, 33463, 27789, 7225]",99779,"[23055, 13997, 14665, 15616, 15837, 13210, 3399]",5,2,4,349741,"[74485, 48291, 50483, 56131, 58264, 48251, 13836]",171518,"[36357, 23723, 24919, 27468, 28584, 23601, 6866]"
98,npc_dota_hero_shredder,str,Melee,"['Nuker', 'Durable', 'Escape']",/apps/dota2/images/dota_react/heroes/shredder.png?,/apps/dota2/images/dota_react/heroes/icons/shredder.png?,120,0.25,75,0.5,0,25,23,27,23,16,23,3.6,1.6,2.7,150,900,1.7,100,0.36,280,,True,2,1800,800,Timbersaw,8598,3923,22623,10016,29017,13089,30630,13608,24953,10988,17492,7594,18559,8224,0,0,98723,"[24162, 14386, 14427, 15130, 15218, 12186, 3214]",45607,"[11121, 6690, 6673, 6966, 7047, 5581, 1529]",20,11,29,165736,"[36406, 23296, 23673, 26254, 27158, 22421, 6528]",73991,"[16059, 10448, 10623, 11754, 12187, 9978, 2942]"
99,npc_dota_hero_bristleback,str,Melee,"['Carry', 'Durable', 'Initiator', 'Nuker']",/apps/dota2/images/dota_react/heroes/bristleback.png?,/apps/dota2/images/dota_react/heroes/icons/bristleback.png?,120,1.0,75,0.4,1,25,31,37,22,17,14,2.8,1.8,2.8,150,900,1.8,100,0.3,295,0.9,True,2,1800,800,Bristleback,33221,17917,73765,37856,74785,36947,61196,29425,40286,19079,22776,10575,19109,8767,0,0,287063,"[68886, 40376, 41573, 44240, 44908, 37422, 9658]",158768,"[38165, 22364, 23113, 24381, 24863, 20695, 5187]",4,2,1,360265,"[78090, 49731, 51420, 56737, 59439, 50628, 14220]",179181,"[39172, 24766, 25626, 28085, 29370, 25193, 6969]"
100,npc_dota_hero_tusk,str,Melee,"['Initiator', 'Disabler', 'Nuker']",/apps/dota2/images/dota_react/heroes/tusk.png?,/apps/dota2/images/dota_react/heroes/icons/tusk.png?,120,1.0,75,0.5,1,25,27,31,23,23,18,3.9,1.9,1.7,150,900,1.7,100,0.36,310,0.7,True,2,1800,800,Tusk,7922,3558,22603,10110,31645,14708,36577,17208,34064,16402,26176,12761,29852,14768,0,0,142340,"[35035, 20328, 20626, 21777, 21836, 17701, 5037]",65800,"[16065, 9488, 9566, 10124, 10067, 8190, 2300]",39,18,26,203036,"[45583, 28840, 28933, 32136, 32711, 26802, 8031]",96261,"[21571, 13646, 13631, 15436, 15344, 12798, 3835]"
101,npc_dota_hero_skywrath_mage,int,Ranged,"['Support', 'Nuker', 'Disabler']",/apps/dota2/images/dota_react/heroes/skywrath_mage.png?,/apps/dota2/images/dota_react/heroes/icons/skywrath_mage.png?,120,0.25,75,0.25,-2,25,16,26,21,13,25,2.0,0.8,4.1,625,1000,1.7,90,0.4,325,,True,2,1800,800,Skywrath Mage,30342,15453,78727,39515,94986,47533,91043,45087,68286,33771,43862,21612,39720,19379,0,0,407080,"[100101, 58545, 59256, 62839, 62771, 50858, 12710]",201262,"[49292, 28972, 29205, 31004, 31130, 25272, 6387]",7,4,2,481188,"[104596, 66289, 69052, 77177, 80011, 65844, 18219]",239507,"[51817, 33040, 34573, 38368, 39838, 32783, 9088]"
102,npc_dota_hero_abaddon,all,Melee,"['Support', 'Carry', 'Durable']",/apps/dota2/images/dota_react/heroes/abaddon.png?,/apps/dota2/images/dota_react/heroes/icons/abaddon.png?,120,1.0,75,0.0,-1,25,22,32,21,22,18,2.6,1.5,2.0,150,900,1.5,95,0.56,325,0.6,True,2,1800,800,Abaddon,13717,7107,34126,17617,41915,21387,40967,21064,31485,16125,19324,9937,15447,7878,0,0,255394,"[67063, 37873, 37284, 38602, 37901, 29040, 7631]",134936,"[35408, 19962, 19724, 20432, 20147, 15323, 3940]",1,1,0,216822,"[52483, 31470, 30958, 33806, 33729, 26934, 7442]",111115,"[26859, 16187, 15799, 17257, 17358, 13806, 3849]"
103,npc_dota_hero_elder_titan,str,Melee,"['Initiator', 'Disabler', 'Nuker', 'Durable']",/apps/dota2/images/dota_react/heroes/elder_titan.png?,/apps/dota2/images/dota_react/heroes/icons/elder_titan.png?,120,0.75,75,0.25,0,25,23,33,26,16,23,3.0,1.8,1.6,150,900,1.7,100,0.35,305,,True,2,1800,800,Elder Titan,2564,1277,6566,3237,7568,3901,6733,3423,5510,2843,3493,1866,4042,2187,0,0,33815,"[7535, 4697, 4964, 5424, 5414, 4572, 1209]",16954,"[3758, 2388, 2496, 2722, 2731, 2270, 589]",2,1,0,42024,"[9106, 6108, 6147, 6674, 6731, 5708, 1550]",21396,"[4638, 3068, 3126, 3402, 3487, 2896, 779]"
104,npc_dota_hero_legion_commander,str,Melee,"['Carry', 'Disabler', 'Initiator', 'Durable', 'Nuker']",/apps/dota2/images/dota_react/heroes/legion_commander.png?,/apps/dota2/images/dota_react/heroes/icons/legion_commander.png?,120,0.25,75,0.0,-1,25,33,37,24,18,20,3.1,1.7,2.2,150,900,1.7,100,0.46,325,,True,2,1800,800,Legion Commander,32056,17186,93151,49374,114738,61103,109139,57841,79629,41732,47418,24792,38704,19813,0,0,308374,"[75630, 44453, 44522, 46639, 47456, 39007, 10667]",152042,"[37500, 21858, 22055, 23061, 23144, 19302, 5122]",1,0,5,554732,"[115429, 76436, 79106, 88301, 93968, 78433, 23059]",293078,"[60967, 40576, 41925, 46796, 49700, 41044, 12070]"
105,npc_dota_hero_techies,all,Ranged,"['Nuker', 'Disabler']",/apps/dota2/images/dota_react/heroes/techies.png?,/apps/dota2/images/dota_react/heroes/icons/techies.png?,120,1.0,75,1.0,2,25,20,22,19,16,25,2.6,1.8,3.0,600,900,1.7,90,0.5,310,,True,6,1800,800,Techies,24048,12436,60699,31361,70241,35658,65639,33476,48826,24607,32007,16113,30700,15391,0,0,244377,"[57648, 34990, 35933, 37398, 37729, 32538, 8141]",114253,"[26817, 16480, 16773, 17589, 17459, 15324, 3811]",28,18,14,361379,"[76955, 50195, 51532, 57068, 59376, 52015, 14238]",183901,"[39134, 25478, 26325, 29018, 30040, 26739, 7167]"
106,npc_dota_hero_ember_spirit,agi,Melee,"['Carry', 'Escape', 'Nuker', 'Disabler', 'Initiator']",/apps/dota2/images/dota_react/heroes/ember_spirit.png?,/apps/dota2/images/dota_react/heroes/icons/ember_spirit.png?,120,0.5,75,0.0,0,25,33,37,22,22,20,2.5,3.2,2.2,150,900,1.7,100,0.4,300,0.8,True,2,1800,800,Ember Spirit,9132,4247,26223,12233,36833,17669,42940,21107,39350,19713,29688,14905,33086,16865,0,0,146085,"[36318, 21392, 21181, 22556, 21986, 17865, 4787]",66427,"[16636, 9769, 9618, 10144, 9986, 8090, 2184]",43,21,44,232813,"[50516, 32605, 34095, 37060, 37706, 31858, 8973]",113963,"[24643, 16136, 16677, 17965, 18651, 15508, 4383]"
107,npc_dota_hero_earth_spirit,str,Melee,"['Nuker', 'Escape', 'Disabler', 'Initiator', 'Durable']",/apps/dota2/images/dota_react/heroes/earth_spirit.png?,/apps/dota2/images/dota_react/heroes/icons/earth_spirit.png?,120,1.0,75,0.0,0,25,25,29,22,17,18,3.8,2.4,2.1,150,900,1.7,100,0.35,290,,True,2,1800,800,Earth Spirit,4485,2111,14312,6911,21449,10687,25294,12776,24686,12792,19105,10017,24091,12698,0,0,78600,"[18136, 11227, 11540, 12456, 12105, 10482, 2654]",36654,"[8405, 5258, 5409, 5856, 5604, 4901, 1221]",38,25,52,141474,"[30213, 20034, 20587, 22292, 23274, 19629, 5445]",71858,"[15283, 10143, 10464, 11347, 11788, 10017, 2816]"
108,npc_dota_hero_abyssal_underlord,str,Melee,"['Support', 'Nuker', 'Disabler', 'Durable', 'Escape']",/apps/dota2/images/dota_react/heroes/abyssal_underlord.png?,/apps/dota2/images/dota_react/heroes/icons/abyssal_underlord.png?,120,0.25,75,0.0,3,25,37,43,25,12,18,3.2,1.6,2.3,200,900,1.7,100,0.45,290,,True,2,1800,800,Underlord,10027,5153,30766,15820,43609,22231,49237,24987,40927,20478,27796,13732,26291,12614,0,0,135473,"[30771, 18922, 19782, 21903, 22264, 17045, 4786]",72499,"[16385, 10015, 10637, 11844, 11862, 9147, 2609]",31,12,33,242111,"[51541, 33290, 34587, 40073, 40492, 32022, 10106]",121908,"[26084, 16751, 17477, 20213, 20429, 15932, 5022]"
109,npc_dota_hero_terrorblade,agi,Melee,"['Carry', 'Pusher', 'Nuker']",/apps/dota2/images/dota_react/heroes/terrorblade.png?,/apps/dota2/images/dota_react/heroes/icons/terrorblade.png?,120,0.5,75,0.0,6,25,26,32,18,23,19,2.0,4.0,1.6,150,900,1.5,110,0.3,315,0.8,True,2,1800,800,Terrorblade,9693,4607,23350,10927,25141,11745,21779,10055,16334,7767,11108,5273,13663,6551,0,0,91573,"[22633, 13337, 13402, 13959, 13657, 11777, 2808]",45140,"[11304, 6635, 6658, 6853, 6610, 5717, 1363]",14,4,23,136130,"[31186, 19220, 19873, 21278, 21317, 18584, 4672]",64101,"[14641, 9023, 9515, 10051, 9961, 8689, 2221]"
110,npc_dota_hero_phoenix,str,Ranged,"['Support', 'Nuker', 'Initiator', 'Escape', 'Disabler']",/apps/dota2/images/dota_react/heroes/phoenix.png?,/apps/dota2/images/dota_react/heroes/icons/phoenix.png?,120,2.0,75,0.0,-1,25,21,31,23,12,16,3.3,1.5,1.8,525,1100,1.7,100,0.35,280,0.9,True,2,1800,800,Phoenix,7836,3867,25713,13051,37596,19088,41093,20734,35936,18281,25378,12998,28908,14554,0,0,90833,"[22295, 12768, 12910, 13924, 14377, 11502, 3057]",44332,"[10796, 6184, 6329, 6872, 7135, 5516, 1500]",23,9,18,214495,"[47363, 30008, 30458, 34054, 35112, 29451, 8049]",108497,"[23992, 15267, 15512, 17198, 17708, 14756, 4064]"
111,npc_dota_hero_oracle,int,Ranged,"['Support', 'Nuker', 'Disabler', 'Escape']",/apps/dota2/images/dota_react/heroes/oracle.png?,/apps/dota2/images/dota_react/heroes/icons/oracle.png?,120,0.25,75,0.5,1,25,13,19,20,15,26,2.2,1.7,3.6,625,900,1.7,100,0.3,295,0.7,True,2,1800,800,Oracle,9822,4415,27367,12515,37410,17649,37725,18245,31165,15185,20652,10216,20606,10345,0,0,184811,"[45811, 26924, 27226, 28492, 28314, 22255, 5789]",84423,"[20715, 12248, 12498, 13057, 13045, 10190, 2670]",2,1,5,197234,"[45822, 28025, 28464, 31019, 31592, 25569, 6743]",94218,"[21760, 13166, 13491, 14790, 15300, 12478, 3233]"
112,npc_dota_hero_winter_wyvern,int,Ranged,"['Support', 'Disabler', 'Nuker']",/apps/dota2/images/dota_react/heroes/winter_wyvern.png?,/apps/dota2/images/dota_react/heroes/icons/winter_wyvern.png?,120,0.25,75,0.5,1,25,16,23,22,16,26,2.5,1.7,3.6,450,700,1.7,100,0.25,285,,True,2,1800,1200,Winter Wyvern,10897,5166,28151,13420,33147,15794,30903,14988,23717,11728,15998,7998,17378,8924,0,0,165889,"[42059, 24464, 23926, 25477, 25335, 19525, 5103]",79530,"[20354, 11709, 11398, 12240, 12063, 9349, 2417]",23,16,10,174142,"[40224, 25020, 25219, 27363, 27694, 22615, 6007]",84710,"[19392, 12052, 12268, 13404, 13560, 11093, 2941]"
113,npc_dota_hero_arc_warden,all,Ranged,"['Carry', 'Escape', 'Nuker']",/apps/dota2/images/dota_react/heroes/arc_warden.png?,/apps/dota2/images/dota_react/heroes/icons/arc_warden.png?,120,0.25,75,0.0,0,25,23,29,20,20,24,2.2,2.7,2.6,625,900,1.7,110,0.3,300,0.7,True,2,1800,800,Arc Warden,9240,4447,25016,12223,28848,14585,25136,12822,17283,8883,10850,5568,10647,5478,0,0,103196,"[25720, 15207, 15146, 15318, 15079, 13453, 3273]",47046,"[11750, 6938, 6937, 6973, 6867, 6066, 1515]",0,0,0,140906,"[31620, 20164, 20548, 21434, 22125, 20150, 4865]",70475,"[15795, 10145, 10256, 10693, 11043, 10105, 2438]"
114,npc_dota_hero_monkey_king,agi,Melee,"['Carry', 'Escape', 'Disabler', 'Initiator']",/apps/dota2/images/dota_react/heroes/monkey_king.png?,/apps/dota2/images/dota_react/heroes/icons/monkey_king.png?,120,1.0,75,0.0,1,25,29,33,19,24,20,2.8,3.7,1.8,300,900,1.6,95,0.45,300,,True,2,1800,800,Monkey King,15851,7005,36583,15996,42380,18585,41069,18184,33157,14724,21973,9895,21369,9812,0,0,223934,"[56005, 32434, 31909, 34008, 34085, 28320, 7173]",104239,"[26210, 15095, 14669, 15888, 15901, 13113, 3363]",5,3,9,236971,"[52499, 33256, 33665, 37401, 38449, 32154, 9547]",105543,"[23225, 14912, 15185, 16458, 17029, 14426, 4308]"
119,npc_dota_hero_dark_willow,int,Ranged,"['Support', 'Nuker', 'Disabler', 'Escape']",/apps/dota2/images/dota_react/heroes/dark_willow.png?,/apps/dota2/images/dota_react/heroes/icons/dark_willow.png?,120,0.75,75,0.0,0,25,27,35,20,18,21,2.0,1.6,3.5,475,1200,1.5,115,0.3,290,0.7,True,2,1800,800,Dark Willow,12935,5964,31112,14450,37406,17584,37286,17689,29528,14089,20052,9836,20573,10005,0,0,167058,"[42765, 24198, 24165, 25687, 24905, 20457, 4881]",76985,"[19563, 11147, 11171, 11758, 11727, 9378, 2241]",13,5,2,204260,"[46653, 28900, 29478, 32377, 32723, 26678, 7451]",96994,"[21979, 13622, 13994, 15471, 15582, 12777, 3569]"
120,npc_dota_hero_pangolier,all,Melee,"['Carry', 'Nuker', 'Disabler', 'Durable', 'Escape', 'Initiator']",/apps/dota2/images/dota_react/heroes/pangolier.png?,/apps/dota2/images/dota_react/heroes/icons/pangolier.png?,120,1.25,75,0.0,2,25,26,32,20,18,16,2.7,3.2,2.5,150,900,1.7,100,0.33,300,0.9,True,2,1800,800,Pangolier,4989,2216,14122,6270,20261,9208,23814,10763,22294,10178,17778,8117,20856,9722,0,0,83880,"[21238, 12198, 12200, 12874, 12571, 10129, 2670]",37260,"[9466, 5492, 5360, 5667, 5609, 4446, 1220]",21,8,32,133578,"[30737, 19382, 19378, 20918, 20895, 17353, 4915]",60786,"[13964, 8687, 8850, 9468, 9521, 7979, 2317]"
121,npc_dota_hero_grimstroke,int,Ranged,"['Support', 'Nuker', 'Disabler', 'Escape']",/apps/dota2/images/dota_react/heroes/grimstroke.png?,/apps/dota2/images/dota_react/heroes/icons/grimstroke.png?,120,0.25,75,0.0,0,25,22,26,21,18,25,2.4,1.9,3.8,600,900,1.7,100,0.35,290,,True,0,1800,800,Grimstroke,10985,5511,32421,16675,44461,22854,47131,24219,38721,19939,26128,13441,26345,13409,0,0,124892,"[29962, 18038, 18450, 19432, 19332, 15741, 3937]",64252,"[15445, 9278, 9435, 9973, 9955, 8165, 2001]",12,5,6,239701,"[52114, 33934, 34617, 37959, 39603, 32960, 8514]",122801,"[26755, 17216, 17706, 19619, 20366, 16761, 4378]"
123,npc_dota_hero_hoodwink,agi,Ranged,"['Support', 'Nuker', 'Escape', 'Disabler']",/apps/dota2/images/dota_react/heroes/hoodwink.png?,/apps/dota2/images/dota_react/heroes/icons/hoodwink.png?,120,0.25,75,0.0,0,25,22,29,17,25,21,2.0,3.6,2.9,575,1800,2.0,100,0.4,315,0.9,True,4,1800,800,Hoodwink,22117,10413,56508,27204,70411,33761,68851,33197,54723,26469,36307,17473,37476,18270,0,0,216321,"[53827, 31447, 31322, 32802, 32559, 27566, 6798]",98816,"[24411, 14415, 14505, 14964, 14899, 12603, 3019]",39,19,32,372968,"[81056, 52861, 53319, 59167, 60508, 52580, 13477]",179320,"[38986, 25360, 25831, 28355, 28888, 25435, 6465]"
126,npc_dota_hero_void_spirit,all,Melee,"['Carry', 'Escape', 'Nuker', 'Disabler']",/apps/dota2/images/dota_react/heroes/void_spirit.png?,/apps/dota2/images/dota_react/heroes/icons/void_spirit.png?,120,0.25,75,0.6,-1,25,18,22,22,21,24,2.6,2.2,3.1,200,900,1.7,100,0.35,290,0.7,True,2,1800,800,Void Spirit,8495,3974,21432,10299,29187,14162,32876,16265,30288,14893,23025,11596,25578,12478,0,0,154350,"[38534, 22544, 22478, 23381, 23638, 18818, 4957]",73295,"[18235, 10689, 10589, 11173, 11328, 8912, 2369]",22,10,14,185357,"[41109, 26177, 26387, 29840, 30137, 24570, 7137]",90668,"[19993, 12810, 12851, 14765, 14686, 12051, 3512]"
128,npc_dota_hero_snapfire,all,Ranged,"['Support', 'Nuker', 'Disabler', 'Escape']",/apps/dota2/images/dota_react/heroes/snapfire.png?,/apps/dota2/images/dota_react/heroes/icons/snapfire.png?,120,0.75,75,0.0,1,25,25,31,21,16,21,3.5,1.9,2.2,400,1800,1.8,100,0.35,300,,True,2,1800,800,Snapfire,24644,12485,78480,40722,119713,63822,137898,73462,120735,64767,84283,44954,87206,46205,0,0,321607,"[77940, 46075, 46336, 48908, 51028, 40763, 10557]",159382,"[38568, 22768, 23196, 24429, 25116, 20058, 5247]",43,21,71,684491,"[147580, 94226, 97408, 108854, 114280, 95750, 26393]",362433,"[78523, 49993, 51436, 57608, 60304, 50703, 13866]"
129,npc_dota_hero_mars,str,Melee,"['Carry', 'Initiator', 'Disabler', 'Durable']",/apps/dota2/images/dota_react/heroes/mars.png?,/apps/dota2/images/dota_react/heroes/icons/mars.png?,120,0.25,75,0.5,-1,25,26,34,23,18,21,3.7,1.7,2.2,250,900,1.8,100,0.4,310,0.8,True,2,1800,800,Mars,7055,3239,20658,9525,30966,14405,36313,16950,34066,16005,24774,11611,26985,12617,0,0,115324,"[28248, 16365, 16544, 17596, 18149, 14561, 3861]",55409,"[13529, 7872, 7840, 8542, 8751, 6996, 1879]",9,2,14,193711,"[40700, 26670, 27603, 30782, 32707, 27164, 8085]",90443,"[19020, 12494, 12929, 14254, 15294, 12710, 3742]"
131,npc_dota_hero_ringmaster,int,Ranged,"['Support', 'Nuker', 'Escape', 'Disabler']",/apps/dota2/images/dota_react/heroes/ringmaster.png?,/apps/dota2/images/dota_react/heroes/icons/ringmaster.png?,120,0.25,75,0.0,1,25,23,33,21,11,25,2.1,1.6,3.0,575,1200,1.7,100,0.5,310,0.6,True,2,1800,800,Ring Master,7239,3407,21337,9992,29838,14293,33268,15798,29622,14141,21781,10558,25403,12298,0,0,83572,"[18722, 11300, 11910, 13215, 13729, 11693, 3003]",38051,"[8484, 5117, 5447, 6069, 6210, 5351, 1373]",26,14,13,178747,"[36648, 24177, 25089, 28990, 30238, 26485, 7120]",85339,"[17578, 11513, 11873, 13868, 14443, 12656, 3408]"
135,npc_dota_hero_dawnbreaker,str,Melee,"['Carry', 'Durable']",/apps/dota2/images/dota_react/heroes/dawnbreaker.png?,/apps/dota2/images/dota_react/heroes/icons/dawnbreaker.png?,120,0.5,75,0.0,2,25,31,35,25,14,20,3.4,1.7,2.0,150,900,1.7,100,0.46,300,0.6,True,2,1800,800,Dawnbreaker,12507,6321,38073,19648,55595,28530,63425,32922,55568,28676,39573,20440,43416,22306,0,0,116256,"[29091, 16944, 16890, 17689, 17639, 14327, 3676]",58908,"[14741, 8656, 8590, 8938, 8970, 7146, 1867]",25,7,28,325548,"[72345, 45132, 47054, 51809, 53359, 43870, 11979]",167797,"[37268, 23152, 24364, 26693, 27543, 22561, 6216]"
136,npc_dota_hero_marci,all,Melee,"['Support', 'Carry', 'Initiator', 'Disabler', 'Escape']",/apps/dota2/images/dota_react/heroes/marci.png?,/apps/dota2/images/dota_react/heroes/icons/marci.png?,120,0.25,75,0.0,0,25,29,33,23,20,19,3.2,2.2,1.9,150,0,1.7,100,0.3,315,0.9,True,2,1800,800,Marci,10735,5193,24003,11609,28118,13679,27141,13421,21363,10693,14216,7078,14809,7408,0,0,113022,"[28564, 16590, 16769, 16877, 16826, 14037, 3359]",53219,"[13530, 7873, 7813, 7989, 7982, 6456, 1576]",1,0,1,157591,"[36129, 22332, 22863, 24443, 24875, 21368, 5581]",77604,"[17803, 11021, 11225, 12145, 12171, 10425, 2814]"
137,npc_dota_hero_primal_beast,str,Melee,"['Initiator', 'Durable', 'Disabler']",/apps/dota2/images/dota_react/heroes/primal_beast.png?,/apps/dota2/images/dota_react/heroes/icons/primal_beast.png?,120,0.25,75,0.0,2,25,36,38,26,15,16,4.3,1.0,1.7,150,900,1.8,100,0.6,305,0.6,True,2,1800,800,Primal Beast,6983,3373,18207,8758,22204,10565,21352,10264,17224,8514,12076,6067,13200,6749,0,0,93227,"[22576, 13199, 13639, 14466, 14440, 11992, 2915]",47466,"[11400, 6771, 7054, 7315, 7226, 6162, 1538]",7,4,4,122700,"[27086, 17025, 17898, 19233, 19983, 17139, 4336]",59607,"[13266, 8265, 8647, 9293, 9699, 8334, 2103]"
138,npc_dota_hero_muerta,int,Ranged,"['Carry', 'Nuker', 'Disabler']",/apps/dota2/images/dota_react/heroes/muerta.png?,/apps/dota2/images/dota_react/heroes/icons/muerta.png?,120,0.25,75,0.0,0,25,24,32,19,21,23,2.0,2.7,3.6,575,3000,1.7,115,0.35,295,0.7,True,2,1800,800,Muerta,13498,6431,29792,13994,34505,15965,33994,15652,27369,12590,17839,8028,17019,7794,0,0,258713,"[65466, 37579, 37807, 39548, 39269, 31104, 7940]",132814,"[33885, 19434, 19303, 20239, 20082, 15818, 4053]",10,7,13,193174,"[44958, 27547, 27529, 30561, 30741, 24903, 6935]",89839,"[20895, 12957, 12743, 14130, 14349, 11506, 3259]"
145,npc_dota_hero_kez,agi,Melee,"['Carry', 'Escape', 'Disabler']",/apps/dota2/images/dota_react/heroes/kez.png?,/apps/dota2/images/dota_react/heroes/icons/kez.png?,120,1.5,75,0.25,1,25,23,29,20,27,20,2.8,3.5,1.7,225,900,1.9,100,0.35,310,1.0,True,2,1800,800,Kez,8365,4001,20048,9135,24749,11346,25819,11865,22691,10260,16428,7484,18749,8566,0,0,98650,"[22936, 13843, 14283, 15300, 15392, 13530, 3366]",43157,"[10140, 5997, 6307, 6554, 6744, 5924, 1491]",11,5,21,149624,"[32299, 20657, 21556, 23589, 24229, 21601, 5693]",68719,"[14848, 9514, 9776, 10837, 11107, 9979, 2658]"
155,npc_dota_hero_largo,str,Melee,"['Durable', 'Disabler', 'Support']",/apps/dota2/images/dota_react/heroes/largo.png?,/apps/dota2/images/dota_react/heroes/icons/largo.png?,120,0.25,75,0.0,2,25,39,45,24,14,21,3.6,1.3,2.6,150,0,1.7,100,0.35,290,0.7,True,2,1800,800,Largo,3415,1552,8666,4020,11624,5520,12435,5796,10641,5082,7688,3736,8333,4090,0,0,61615,"[14981, 8968, 9228, 9617, 9208, 7646, 1967]",28455,"[6883, 4150, 4276, 4482, 4256, 3511, 897]",14,9,12,69680,"[16094, 9954, 10337, 10724, 10888, 9166, 2517]",33039,"[7509, 4782, 4940, 5078, 5162, 4373, 1195]"
