match_id,duration,start_time,radiant_team_id,radiant_name,dire_team_id,dire_name,leagueid,league_name,series_id,series_type,radiant_score,dire_score,radiant_win,version
8885195986,2836,1783417108,9895247.0,Rune Eaters,8261500.0,Xtreme Gaming,19785,Esports World Cup 2026,1118055.0,3.0,41,23,True,22.0
8885195787,1924,1783416857,55.0,_PowerRangers,9964962.0,GamerLegion,19785,Esports World Cup 2026,1118052.0,3.0,15,40,False,22.0
8885183102,2623,1783416279,9247354.0,Team Falcons,8255888.0,BoomBoys,19785,Esports World Cup 2026,1118051.0,3.0,17,30,False,22.0
8880928888,1167,1783176897,10186995.0,牧卫队,7670725.0,坤队,19943,FB杯DOTA2精英联赛26赛季,1117228.0,1.0,13,30,False,22.0
8880797450,2181,1783172614,10186995.0,牧卫队,7670725.0,坤队,19943,FB杯DOTA2精英联赛26赛季,1117191.0,1.0,25,34,False,22.0
8880668008,3173,1783168076,9776596.0,火车王,,,19943,FB杯DOTA2精英联赛26赛季,0.0,0.0,48,29,True,22.0
8879217456,1471,1783089568,,,10186995.0,牧卫队,19943,FB杯DOTA2精英联赛26赛季,0.0,0.0,22,20,False,22.0
8876894624,2439,1782955139,10186491.0,Cuba,10182514.0,Canada,19885,Road to ENC 2026 Regional Qualifiers,1116383.0,1.0,16,45,False,22.0
8876860926,1925,1782951377,10182514.0,Canada,10186491.0,Cuba,19885,Road to ENC 2026 Regional Qualifiers,1116383.0,1.0,8,30,False,22.0
8876860563,2227,1782952339,10186492.0,Ecuador,10182705.0,Bolivia ,19885,Road to ENC 2026 Regional Qualifiers,1116376.0,1.0,32,5,True,22.0
8876821060,2079,1782947602,10182705.0,Bolivia ,10186492.0,Ecuador,19885,Road to ENC 2026 Regional Qualifiers,1116376.0,1.0,10,39,False,22.0
8876816332,2577,1782947186,10186491.0,Cuba,10182514.0,Canada,19885,Road to ENC 2026 Regional Qualifiers,1116383.0,1.0,22,38,False,22.0
8876753073,3367,1782942371,10186492.0,Ecuador,10182705.0,Bolivia ,19885,Road to ENC 2026 Regional Qualifiers,1116376.0,1.0,17,37,False,22.0
8876713570,2916,1782940007,10182892.0,Mexico,10186491.0,Cuba,19885,Road to ENC 2026 Regional Qualifiers,1116354.0,1.0,27,30,False,22.0
8876640180,2161,1782936342,10186491.0,Cuba,10182892.0,Mexico,19885,Road to ENC 2026 Regional Qualifiers,1116354.0,1.0,28,18,True,22.0
8876624227,2389,1782935611,10186492.0,Ecuador,10182810.0,Argentina,19885,Road to ENC 2026 Regional Qualifiers,1116309.0,1.0,39,24,True,22.0
8876607269,3202,1782934840,10182519.0,Team France,10177742.0,Great Britain,19885,Road to ENC 2026 Regional Qualifiers,1116318.0,1.0,27,46,False,22.0
8876602958,1926,1782934647,10182748.0,Team South Africa,10182738.0,Team Madagascar,19885,Road to ENC 2026 Regional Qualifiers,1116325.0,1.0,54,29,True,22.0
8876599600,3479,1782934746,10182639.0,Serbia,8532176.0,GREECE,19885,Road to ENC 2026 Regional Qualifiers,1116281.0,1.0,24,47,False,22.0
8876574066,1705,1782933382,10182705.0,Bolivia ,10182824.0,Peru,19885,Road to ENC 2026 Regional Qualifiers,1116311.0,1.0,10,36,False,22.0
8876522645,1593,1782931196,10182738.0,Team Madagascar,10182748.0,Team South Africa,19885,Road to ENC 2026 Regional Qualifiers,1116325.0,1.0,11,35,False,22.0
8876493211,2924,1782930116,10177742.0,Great Britain,10182519.0,Team France,19885,Road to ENC 2026 Regional Qualifiers,1116318.0,1.0,32,28,True,22.0
8876483597,3267,1782929323,10182639.0,Serbia,8532176.0,GREECE,19885,Road to ENC 2026 Regional Qualifiers,1116281.0,1.0,42,45,True,22.0
8876478470,1753,1782929665,10182824.0,Peru,10182705.0,Bolivia ,19885,Road to ENC 2026 Regional Qualifiers,1116311.0,1.0,33,13,True,22.0
8876475870,4576,1782929081,10182810.0,Argentina,10186492.0,Ecuador,19885,Road to ENC 2026 Regional Qualifiers,1116309.0,1.0,57,46,False,22.0
8876455921,1058,1782928125,10182524.0,Team Nigeria,10182738.0,Team Madagascar,19885,Road to ENC 2026 Regional Qualifiers,1116276.0,1.0,5,27,False,22.0
8876453217,1897,1782928004,9855768.0,Türkiye,10182492.0,Kyrgyzstan,19885,Road to ENC 2026 Regional Qualifiers,1116306.0,1.0,21,47,False,22.0
8876338118,3739,1782923623,8532176.0,GREECE,10182639.0,Serbia,19885,Road to ENC 2026 Regional Qualifiers,1116281.0,1.0,41,24,True,22.0
8876335535,3271,1782923299,10186464.0,Team Belgium,10177742.0,Great Britain,19885,Road to ENC 2026 Regional Qualifiers,1116212.0,1.0,37,43,False,22.0
8876315460,1967,1782922567,10182524.0,Team Nigeria,10182738.0,Team Madagascar,19885,Road to ENC 2026 Regional Qualifiers,1116276.0,1.0,19,59,False,22.0
8876250327,2205,1782920112,10182496.0,Team Finland,10182519.0,Team France,19885,Road to ENC 2026 Regional Qualifiers,1116201.0,1.0,42,24,True,22.0
8876228139,1854,1782919338,10182639.0,Serbia,10182833.0,Czech Republic,19885,Road to ENC 2026 Regional Qualifiers,1116202.0,1.0,10,30,False,22.0
8876195993,2913,1782918012,10182492.0,Kyrgyzstan,9855768.0,Türkiye,19885,Road to ENC 2026 Regional Qualifiers,1116251.0,1.0,43,34,True,22.0
8876182829,3891,1782917455,10186464.0,Team Belgium,10177742.0,Great Britain,19885,Road to ENC 2026 Regional Qualifiers,1116212.0,1.0,41,50,True,22.0
8876141942,3119,1782916085,10182519.0,Team France,10182496.0,Team Finland,19885,Road to ENC 2026 Regional Qualifiers,1116201.0,1.0,34,36,False,22.0
8876116213,2475,1782915210,10182639.0,Serbia,10182833.0,Czech Republic,19885,Road to ENC 2026 Regional Qualifiers,1116202.0,1.0,23,29,False,22.0
8876111537,2588,1782915053,10182773.0,Team Romania,8532176.0,GREECE,19885,Road to ENC 2026 Regional Qualifiers,1116203.0,1.0,15,36,False,22.0
8876051856,1769,1782913026,10182459.0,Georgia,9855768.0,Türkiye,19885,Road to ENC 2026 Regional Qualifiers,1116191.0,1.0,10,41,False,22.0
8876020336,2070,1782911902,10182693.0,Lebanon,10182492.0,Kyrgyzstan,19885,Road to ENC 2026 Regional Qualifiers,1116176.0,1.0,32,20,True,22.0
8876016969,3764,1782911912,10177742.0,Great Britain,10186464.0,Team Belgium,19885,Road to ENC 2026 Regional Qualifiers,1116212.0,1.0,52,49,True,22.0
8875987572,2205,1782910878,8532176.0,GREECE,10182773.0,Team Romania,19885,Road to ENC 2026 Regional Qualifiers,1116203.0,1.0,32,16,True,22.0
8875984903,2565,1782910841,10182639.0,Serbia,10182833.0,Czech Republic,19885,Road to ENC 2026 Regional Qualifiers,1116202.0,1.0,40,27,True,22.0
8875983324,2753,1782910806,10182519.0,Team France,10182496.0,Team Finland,19885,Road to ENC 2026 Regional Qualifiers,1116201.0,1.0,38,31,True,22.0
8875961002,2681,1782909991,10186715.0,Myanmar,10186547.0,Team Thailand,19885,Road to ENC 2026 Regional Qualifiers,1116155.0,1.0,19,39,False,22.0
8875954479,2225,1782909581,10182601.0,Team Pakistan,10182476.0,INDIA,19885,Road to ENC 2026 Regional Qualifiers,1116161.0,1.0,34,12,True,22.0
8875951575,1728,1782909573,9855768.0,Türkiye,10182459.0,Georgia,19885,Road to ENC 2026 Regional Qualifiers,1116191.0,1.0,29,17,True,22.0
8875915348,1803,1782907891,10186464.0,Team Belgium,10164510.0,Norge,19885,Road to ENC 2026 Regional Qualifiers,1116158.0,1.0,44,19,True,22.0
8875903779,2367,1782907509,10182492.0,Kyrgyzstan,10182693.0,Lebanon,19885,Road to ENC 2026 Regional Qualifiers,1116176.0,1.0,10,38,False,22.0
8875860504,2632,1782905412,10182476.0,INDIA,10182601.0,Team Pakistan,19885,Road to ENC 2026 Regional Qualifiers,1116161.0,1.0,18,32,False,22.0
8875849130,2279,1782904947,10182755.0,Team Iran,9855768.0,Türkiye,19885,Road to ENC 2026 Regional Qualifiers,1116152.0,1.0,25,43,False,22.0
8875841974,1702,1782904511,10186464.0,Team Belgium,10164510.0,Norge,19885,Road to ENC 2026 Regional Qualifiers,1116158.0,1.0,45,14,True,22.0
8875840771,3105,1782904451,10186715.0,Myanmar,10186547.0,Team Thailand,19885,Road to ENC 2026 Regional Qualifiers,1116155.0,1.0,22,29,False,22.0
8875836468,1746,1782904234,10182773.0,Team Romania,10182706.0,Team Hungary,19885,Road to ENC 2026 Regional Qualifiers,1116159.0,1.0,34,12,True,22.0
8875824584,1220,1782903640,10182654.0,LATVIA,8532176.0,GREECE,19885,Road to ENC 2026 Regional Qualifiers,1116157.0,1.0,7,21,False,22.0
8875774753,1907,1782900934,9855768.0,Türkiye,10182755.0,Team Iran,19885,Road to ENC 2026 Regional Qualifiers,1116152.0,1.0,44,11,True,22.0
8875769722,2559,1782901218,10182601.0,Team Pakistan,10182476.0,INDIA,19885,Road to ENC 2026 Regional Qualifiers,1116161.0,1.0,14,25,False,22.0
8875760991,2195,1782900469,10182706.0,Team Hungary,10182773.0,Team Romania,19885,Road to ENC 2026 Regional Qualifiers,1116159.0,1.0,12,38,False,22.0
8875760957,2591,1782900324,10186464.0,Team Belgium,10164510.0,Norge,19885,Road to ENC 2026 Regional Qualifiers,1116158.0,1.0,34,49,False,22.0
8875757609,1712,1782900188,8532176.0,GREECE,10182654.0,LATVIA,19885,Road to ENC 2026 Regional Qualifiers,1116157.0,1.0,23,11,True,22.0
8875738350,2478,1782899565,10186547.0,Team Thailand,10186715.0,Myanmar,19885,Road to ENC 2026 Regional Qualifiers,1116155.0,1.0,19,30,False,22.0
8875704701,2167,1782896741,10182485.0,Team Bangladesh,10182476.0,INDIA,19885,Road to ENC 2026 Regional Qualifiers,1116145.0,1.0,17,55,False,22.0
8875703679,784,1782896676,10182601.0,Team Pakistan,10182648.0,Mongolia,19885,Road to ENC 2026 Regional Qualifiers,1116144.0,1.0,3,17,False,22.0
8875699550,2435,1782896506,9855768.0,Türkiye,10182755.0,Team Iran,19885,Road to ENC 2026 Regional Qualifiers,1116152.0,1.0,23,34,False,22.0
8875666922,2497,1782894345,10182498.0,Team Philippines,10186547.0,Team Thailand,19885,Road to ENC 2026 Regional Qualifiers,1116138.0,1.0,36,13,True,22.0
8875646769,2242,1782892958,10182476.0,INDIA,10182485.0,Team Bangladesh,19885,Road to ENC 2026 Regional Qualifiers,1116145.0,1.0,26,24,True,22.0
8875644021,1752,1782893049,10182601.0,Team Pakistan,10182648.0,Mongolia,19885,Road to ENC 2026 Regional Qualifiers,1116144.0,1.0,11,53,False,22.0
8875615720,1915,1782890675,10186547.0,Team Thailand,10182498.0,Team Philippines,19885,Road to ENC 2026 Regional Qualifiers,1116138.0,1.0,21,3,True,22.0
8875607269,2097,1782890035,8193371.0,Myanmar,10182469.0,Australia,19885,Road to ENC 2026 Regional Qualifiers,1116139.0,1.0,38,13,True,22.0
8875558870,1546,1782887168,8193371.0,Myanmar,10182469.0,Australia,19885,Road to ENC 2026 Regional Qualifiers,1116139.0,1.0,37,5,True,22.0
8875557483,2816,1782886087,10182498.0,Team Philippines,10186547.0,Team Thailand,19885,Road to ENC 2026 Regional Qualifiers,1116138.0,1.0,18,19,True,22.0
8875439021,2263,1782874656,10182710.0,COLOMBIA,10182810.0,Argentina,19885,Road to ENC 2026 Regional Qualifiers,1116091.0,1.0,22,54,False,22.0
8875382139,3586,1782868839,10182810.0,Argentina,10182710.0,COLOMBIA,19885,Road to ENC 2026 Regional Qualifiers,1116091.0,1.0,50,43,False,22.0
8875381884,1714,1782868812,10186492.0,Ecuador,10186497.0,CHILE,19885,Road to ENC 2026 Regional Qualifiers,1116095.0,1.0,38,19,True,22.0
8875372362,2266,1782867863,10182650.0,Costa Rica,10186491.0,Cuba,19885,Road to ENC 2026 Regional Qualifiers,1116092.0,1.0,26,52,False,22.0
8875342006,2012,1782865151,10186492.0,Ecuador,10186497.0,CHILE,19885,Road to ENC 2026 Regional Qualifiers,1116095.0,1.0,39,16,True,22.0
8875336162,1968,1782864225,10186491.0,Cuba,10182650.0,Costa Rica,19885,Road to ENC 2026 Regional Qualifiers,1116092.0,1.0,56,20,True,22.0
8875335610,2681,1782864446,10182710.0,COLOMBIA,10182810.0,Argentina,19885,Road to ENC 2026 Regional Qualifiers,1116091.0,1.0,27,48,False,22.0
8875290762,2517,1782860651,10182524.0,Team Nigeria,10182851.0,Team Kenya,19885,Road to ENC 2026 Regional Qualifiers,1116077.0,1.0,45,25,True,22.0
8875279981,2910,1782859392,10186683.0,PARAGUAY ,10186497.0,CHILE,19885,Road to ENC 2026 Regional Qualifiers,1116074.0,1.0,44,57,False,22.0
8875272998,2377,1782858846,10182793.0,Switzerland,10177742.0,Great Britain,19885,Road to ENC 2026 Regional Qualifiers,1116073.0,1.0,24,64,False,22.0
8875264186,3202,1782858186,10182752.0,Guatemala,10182650.0,Costa Rica,19885,Road to ENC 2026 Regional Qualifiers,1116070.0,1.0,55,78,False,22.0
8875256706,1751,1782857642,10186432.0,Algeria,10182459.0,Georgia,19885,Road to ENC 2026 Regional Qualifiers,1116061.0,1.0,6,34,False,22.0
8875254019,1924,1782857443,10182892.0,Mexico,10182514.0,Canada,19885,Road to ENC 2026 Regional Qualifiers,1116069.0,1.0,11,41,False,22.0
8875248292,597,1782857034,8795230.0,Panama,10186491.0,Cuba,19885,Road to ENC 2026 Regional Qualifiers,1116068.0,1.0,3,21,False,22.0
8875229263,2411,1782855554,10182851.0,Team Kenya,10182524.0,Team Nigeria,19885,Road to ENC 2026 Regional Qualifiers,1116062.0,1.0,30,51,False,22.0
8875216877,1984,1782855593,10186683.0,PARAGUAY ,10186497.0,CHILE,19885,Road to ENC 2026 Regional Qualifiers,1116074.0,1.0,28,52,False,22.0
8875215366,2042,1782855013,10177742.0,Great Britain,10182793.0,Switzerland,19885,Road to ENC 2026 Regional Qualifiers,1116073.0,1.0,54,25,True,22.0
8875200893,1763,1782854276,10182650.0,Costa Rica,10182752.0,Guatemala,19885,Road to ENC 2026 Regional Qualifiers,1116070.0,1.0,50,16,True,22.0
8875196822,1642,1782853806,10182514.0,Canada,10182892.0,Mexico,19885,Road to ENC 2026 Regional Qualifiers,1116069.0,1.0,30,6,True,22.0
8875191845,789,1782853652,10186491.0,Cuba,8795230.0,Panama,19885,Road to ENC 2026 Regional Qualifiers,1116068.0,1.0,18,4,True,22.0
8875161118,2735,1782851934,10182459.0,Georgia,10186431.0,Algeria,19885,Road to ENC 2026 Regional Qualifiers,1116067.0,1.0,37,13,True,22.0
8875149050,2123,1782851370,10182851.0,Team Kenya,10182524.0,Team Nigeria,19885,Road to ENC 2026 Regional Qualifiers,1116062.0,1.0,43,22,True,22.0
8875145072,2122,1782851256,10186464.0,Team Belgium,10182501.0,Team Portugal,19885,Road to ENC 2026 Regional Qualifiers,1116027.0,1.0,34,12,True,22.0
8875120208,1719,1782850069,10182793.0,Switzerland,10182715.0,Team Ireland,19885,Road to ENC 2026 Regional Qualifiers,1116043.0,1.0,52,12,True,22.0
8875098637,2020,1782849125,10182732.0,Team Saudi Arabia,9855768.0,Türkiye,19885,Road to ENC 2026 Regional Qualifiers,1116035.0,1.0,33,55,False,22.0
8875081913,2801,1782848383,10182654.0,LATVIA,9055189.0,Croatia,19885,Road to ENC 2026 Regional Qualifiers,1116021.0,1.0,42,39,True,22.0
8875050228,2728,1782847014,10186464.0,Team Belgium,10182501.0,Team Portugal,19885,Road to ENC 2026 Regional Qualifiers,1116027.0,1.0,35,50,False,22.0
8875024911,2073,1782846304,10182715.0,Team Ireland,10182793.0,Switzerland,19885,Road to ENC 2026 Regional Qualifiers,1116043.0,1.0,12,33,False,22.0
8875001720,1697,1782845072,2239113.0,Team Zambia (ZAM),10182524.0,Team Nigeria,19885,Road to ENC 2026 Regional Qualifiers,1116038.0,1.0,21,31,False,22.0
8874986809,1757,1782845655,9855768.0,Türkiye,10182732.0,Team Saudi Arabia,19885,Road to ENC 2026 Regional Qualifiers,1116035.0,1.0,63,11,True,22.0
8874975868,1175,1782843835,10182851.0,Team Kenya,10186458.0,TEAM MALAWI,19885,Road to ENC 2026 Regional Qualifiers,1116008.0,1.0,50,3,True,22.0
8874970148,4200,1782843592,10182459.0,Georgia,10182713.0,Team Uzbekistan,19885,Road to ENC 2026 Regional Qualifiers,1116001.0,1.0,53,49,True,22.0
8874963926,1775,1782843328,5095368.0,Israel,10182706.0,Team Hungary,19885,Road to ENC 2026 Regional Qualifiers,1116004.0,1.0,16,45,False,22.0
8874959435,1989,1782843277,10186464.0,Team Belgium,10182501.0,Team Portugal,19885,Road to ENC 2026 Regional Qualifiers,1116027.0,1.0,59,15,True,22.0
8874951934,1543,1782842824,10182738.0,Team Madagascar,10182748.0,Team South Africa,19885,Road to ENC 2026 Regional Qualifiers,1116006.0,1.0,6,33,False,22.0
8874948518,3912,1782842770,9055189.0,Croatia,10182654.0,LATVIA,19885,Road to ENC 2026 Regional Qualifiers,1116021.0,1.0,48,61,False,22.0
8874908695,2520,1782841268,10182519.0,Team France,10177742.0,Great Britain,19885,Road to ENC 2026 Regional Qualifiers,1115979.0,1.0,32,7,True,22.0
8874903366,2507,1782840976,10182486.0,Iceland ,10182793.0,Switzerland,19885,Road to ENC 2026 Regional Qualifiers,1115983.0,1.0,9,29,False,22.0
8874882061,1437,1782839898,10182851.0,Team Kenya,10186458.0,TEAM MALAWI,19885,Road to ENC 2026 Regional Qualifiers,1116008.0,1.0,66,15,True,22.0
8874864197,2138,1782839229,2239113.0,Team Zambia (ZAM),10182524.0,Team Nigeria,19885,Road to ENC 2026 Regional Qualifiers,1116007.0,1.0,23,50,False,22.0
8874860062,2106,1782839150,10182748.0,Team South Africa,10182738.0,Team Madagascar,19885,Road to ENC 2026 Regional Qualifiers,1116006.0,1.0,49,11,True,22.0
8874857236,2279,1782839075,10182706.0,Team Hungary,5095368.0,Israel,19885,Road to ENC 2026 Regional Qualifiers,1116004.0,1.0,27,11,True,22.0
8874853800,3445,1782838762,10182678.0,Team Azerbaijan,10182732.0,Team Saudi Arabia,19885,Road to ENC 2026 Regional Qualifiers,1115980.0,1.0,38,52,False,22.0
8874852927,2604,1782838896,10182713.0,Team Uzbekistan,10182459.0,Georgia,19885,Road to ENC 2026 Regional Qualifiers,1116001.0,1.0,13,43,False,22.0
8874847034,2324,1782838488,10182492.0,Kyrgyzstan,10182755.0,Team Iran,19885,Road to ENC 2026 Regional Qualifiers,1115978.0,1.0,33,27,True,22.0
8874844468,2214,1782838385,10182501.0,Team Portugal,10182460.0,Team Italy,19885,Road to ENC 2026 Regional Qualifiers,1115982.0,1.0,35,12,True,22.0
8874837548,1873,1782838134,9055189.0,Croatia,8830114.0,Team Kosova,19885,Road to ENC 2026 Regional Qualifiers,1116000.0,1.0,39,14,True,22.0
8874815986,2238,1782837306,8838495.0,Lithuania,10182654.0,LATVIA,19885,Road to ENC 2026 Regional Qualifiers,1115956.0,1.0,17,45,False,22.0
8874793138,2700,1782836417,10182486.0,Iceland ,10182793.0,Switzerland,19885,Road to ENC 2026 Regional Qualifiers,1115983.0,1.0,16,40,False,22.0
8874787481,2485,1782836207,10182897.0,New Zealand,10182469.0,Australia,19885,Road to ENC 2026 Regional Qualifiers,1115974.0,1.0,19,37,False,22.0
8874785195,3237,1782836120,10182519.0,Team France,10177742.0,Great Britain,19885,Road to ENC 2026 Regional Qualifiers,1115979.0,1.0,28,50,False,22.0
8874775164,1751,1782835760,10182496.0,Team Finland,10164510.0,Norge,19885,Road to ENC 2026 Regional Qualifiers,1115981.0,1.0,51,11,True,22.0
8874758545,1736,1782835160,10182860.0,Kosovo Team,9055189.0,Croatia,19885,Road to ENC 2026 Regional Qualifiers,1115962.0,1.0,16,36,False,22.0
8874756841,2534,1782835097,10182693.0,Lebanon,10186431.0,Algeria,19885,Road to ENC 2026 Regional Qualifiers,1115950.0,1.0,38,22,True,22.0
8874717635,2772,1782833686,10182773.0,Team Romania,10182639.0,Serbia,19885,Road to ENC 2026 Regional Qualifiers,1115953.0,1.0,18,44,False,22.0
8874711344,1971,1782833464,10182654.0,LATVIA,8838495.0,Lithuania,19885,Road to ENC 2026 Regional Qualifiers,1115956.0,1.0,31,17,True,22.0
8874709781,1068,1782833409,10182713.0,Team Uzbekistan,10176802.0,Syria,19885,Road to ENC 2026 Regional Qualifiers,1115989.0,1.0,22,14,True,22.0
8874687459,1609,1782832627,10182833.0,Czech Republic,8532176.0,GREECE,19885,Road to ENC 2026 Regional Qualifiers,1115949.0,1.0,34,11,True,22.0
8874683539,3010,1782832491,5095368.0,Israel,,,19885,Road to ENC 2026 Regional Qualifiers,0.0,0.0,42,51,True,22.0
8874675861,2061,1782832226,10182459.0,Georgia,10182482.0,Team Tajikistan,19885,Road to ENC 2026 Regional Qualifiers,1115958.0,1.0,51,23,True,22.0
8874673799,1470,1782832157,10186456.0,Egypt,9855768.0,Türkiye,19885,Road to ENC 2026 Regional Qualifiers,1115951.0,1.0,24,36,False,22.0
8874662127,2623,1782831826,10182486.0,Iceland ,10182793.0,Switzerland,19885,Road to ENC 2026 Regional Qualifiers,1115983.0,1.0,30,30,True,22.0
8874661091,2070,1782831717,10164510.0,Norge,10182496.0,Team Finland,19885,Road to ENC 2026 Regional Qualifiers,1115981.0,1.0,21,43,False,22.0
8874655281,4737,1782831584,10182460.0,Team Italy,10182501.0,Team Portugal,19885,Road to ENC 2026 Regional Qualifiers,1115982.0,1.0,46,42,False,22.0
8874651929,4918,1782831449,10182732.0,Team Saudi Arabia,10182678.0,Team Azerbaijan,19885,Road to ENC 2026 Regional Qualifiers,1115980.0,1.0,65,43,True,22.0
8874650382,2799,1782831618,10177742.0,Great Britain,10182519.0,Team France,19885,Road to ENC 2026 Regional Qualifiers,1115979.0,1.0,19,30,False,22.0
8874648320,2231,1782831873,10182755.0,Team Iran,10182492.0,Kyrgyzstan,19885,Road to ENC 2026 Regional Qualifiers,1115978.0,1.0,18,31,False,22.0
8874607031,3471,1782829976,10182469.0,Australia,10182897.0,New Zealand,19885,Road to ENC 2026 Regional Qualifiers,1115974.0,1.0,45,41,True,22.0
8874598277,2138,1782829769,10182706.0,Team Hungary,10182699.0,Team Estonia,19885,Road to ENC 2026 Regional Qualifiers,1115969.0,1.0,29,19,True,22.0
8874580039,4256,1782829007,9055189.0,Croatia,10182860.0,Kosovo Team,19885,Road to ENC 2026 Regional Qualifiers,1115962.0,1.0,56,76,False,22.0
8874579569,2339,1782829169,10182458.0,Team Syria,10182713.0,Team Uzbekistan,19885,Road to ENC 2026 Regional Qualifiers,1115963.0,1.0,25,53,False,22.0
8874571910,1415,1782828742,9855768.0,Türkiye,10186456.0,Egypt,19885,Road to ENC 2026 Regional Qualifiers,1115951.0,1.0,38,8,True,22.0
8874568759,1890,1782828678,5095368.0,Israel,8207902.0,Slovakia,19885,Road to ENC 2026 Regional Qualifiers,1115959.0,1.0,61,27,True,22.0
8874567958,1680,1782828663,10182459.0,Georgia,10182482.0,Team Tajikistan,19885,Road to ENC 2026 Regional Qualifiers,1115958.0,1.0,37,17,True,22.0
8874567090,3063,1782828631,8838495.0,Lithuania,10182654.0,LATVIA,19885,Road to ENC 2026 Regional Qualifiers,1115956.0,1.0,37,19,True,22.0
8874561997,2759,1782828850,10182639.0,Serbia,10182773.0,Team Romania,19885,Road to ENC 2026 Regional Qualifiers,1115953.0,1.0,32,44,True,22.0
8874557399,3756,1782828334,10186431.0,Algeria,10182693.0,Lebanon,19885,Road to ENC 2026 Regional Qualifiers,1115950.0,1.0,24,41,False,22.0
8874556820,2359,1782828611,8532176.0,GREECE,10182833.0,Czech Republic,19885,Road to ENC 2026 Regional Qualifiers,1115949.0,1.0,18,43,False,22.0
8874470795,1894,1782825308,10182469.0,Australia,10186547.0,Team Thailand,19885,Road to ENC 2026 Regional Qualifiers,1115901.0,1.0,22,43,False,22.0
8874465466,2297,1782825160,8193371.0,Myanmar,10182498.0,Team Philippines,19885,Road to ENC 2026 Regional Qualifiers,1115893.0,1.0,15,30,False,22.0
8874387446,2021,1782822294,10182601.0,Team Pakistan,10182485.0,Team Bangladesh,19885,Road to ENC 2026 Regional Qualifiers,1115894.0,1.0,41,21,True,22.0
8874371458,1581,1782821702,10182498.0,Team Philippines,8193371.0,Myanmar,19885,Road to ENC 2026 Regional Qualifiers,1115893.0,1.0,37,8,True,22.0
8874332780,2225,1782820806,10186547.0,Team Thailand,10182469.0,Australia,19885,Road to ENC 2026 Regional Qualifiers,1115901.0,1.0,36,24,True,22.0
8874265084,2416,1782817318,8193371.0,Myanmar,10182498.0,Team Philippines,19885,Road to ENC 2026 Regional Qualifiers,1115893.0,1.0,25,24,True,22.0
8874195797,1623,1782813626,10182476.0,INDIA,10182648.0,Mongolia,19885,Road to ENC 2026 Regional Qualifiers,1115885.0,1.0,12,35,False,22.0
8874192095,1814,1782813422,10182897.0,New Zealand,8193371.0,Myanmar,19885,Road to ENC 2026 Regional Qualifiers,1115884.0,1.0,13,37,False,22.0
8874136202,1537,1782810435,10182476.0,INDIA,10182648.0,Mongolia,19885,Road to ENC 2026 Regional Qualifiers,1115885.0,1.0,12,50,False,22.0
8874135510,1252,1782810301,8193371.0,Myanmar,10182897.0,New Zealand,19885,Road to ENC 2026 Regional Qualifiers,1115884.0,1.0,37,6,True,22.0
8873843108,1651,1782786611,10182752.0,Guatemala,10182514.0,Canada,19885,Road to ENC 2026 Regional Qualifiers,1115848.0,1.0,11,50,False,22.0
8873822900,1118,1782784708,10182824.0,Peru,10182810.0,Argentina,19885,Road to ENC 2026 Regional Qualifiers,1115844.0,1.0,34,15,True,22.0
8873815126,2612,1782783967,10186491.0,Cuba,10182892.0,Mexico,19885,Road to ENC 2026 Regional Qualifiers,1115828.0,1.0,29,40,False,22.0
8873810098,1585,1782783515,10182752.0,Guatemala,10182514.0,Canada,19885,Road to ENC 2026 Regional Qualifiers,1115848.0,1.0,3,42,False,22.0
8873805728,2477,1782783034,10182705.0,Bolivia ,10186492.0,Ecuador,19885,Road to ENC 2026 Regional Qualifiers,1115815.0,1.0,29,19,True,22.0
8873801034,1016,1782782603,10182810.0,Argentina,10182824.0,Peru,19885,Road to ENC 2026 Regional Qualifiers,1115844.0,1.0,4,17,False,22.0
8873780585,1894,1782780605,10182877.0,Honduras,10182650.0,Costa Rica,19885,Road to ENC 2026 Regional Qualifiers,1115830.0,1.0,29,50,False,22.0
8873773878,2399,1782780087,10186491.0,Cuba,10182892.0,Mexico,19885,Road to ENC 2026 Regional Qualifiers,1115828.0,1.0,50,17,True,22.0
8873751620,2871,1782777937,10182752.0,Guatemala,8795230.0,Panama,19885,Road to ENC 2026 Regional Qualifiers,1115800.0,1.0,38,34,True,22.0
8873744585,2004,1782778163,10186492.0,Ecuador,10182705.0,Bolivia ,19885,Road to ENC 2026 Regional Qualifiers,1115815.0,1.0,13,34,False,22.0
8873737868,2374,1782776775,10182810.0,Argentina,10186497.0,CHILE,19885,Road to ENC 2026 Regional Qualifiers,1115805.0,1.0,43,15,True,22.0
8873720958,2445,1782775435,10182650.0,Costa Rica,10182892.0,Mexico,19885,Road to ENC 2026 Regional Qualifiers,1115792.0,1.0,21,41,False,22.0
8873707265,2314,1782774160,8795230.0,Panama,10182752.0,Guatemala,19885,Road to ENC 2026 Regional Qualifiers,1115800.0,1.0,40,21,True,22.0
8873692887,1532,1782773042,10182705.0,Bolivia ,10182710.0,COLOMBIA,19885,Road to ENC 2026 Regional Qualifiers,1115794.0,1.0,50,18,True,22.0
8873686778,2616,1782772591,10182810.0,Argentina,10186497.0,CHILE,19885,Road to ENC 2026 Regional Qualifiers,1115805.0,1.0,36,28,True,22.0
8873675456,2996,1782771803,10182656.0,Venezuela,10186492.0,Ecuador,19885,Road to ENC 2026 Regional Qualifiers,1115791.0,1.0,34,50,False,22.0
8873673556,1642,1782771679,10186491.0,Cuba,10182877.0,Honduras,19885,Road to ENC 2026 Regional Qualifiers,1115799.0,1.0,51,17,True,22.0
8873670974,2226,1782771520,10182650.0,Costa Rica,10182892.0,Mexico,19885,Road to ENC 2026 Regional Qualifiers,1115792.0,1.0,11,45,False,22.0
8873627157,3290,1782768819,10182752.0,Guatemala,8795230.0,Panama,19885,Road to ENC 2026 Regional Qualifiers,1115800.0,1.0,47,37,True,22.0
8873620985,1004,1782768535,10182877.0,Honduras,10186491.0,Cuba,19885,Road to ENC 2026 Regional Qualifiers,1115799.0,1.0,7,42,False,22.0
8873616290,1575,1782768194,10182524.0,Team Nigeria,10182738.0,Team Madagascar,19885,Road to ENC 2026 Regional Qualifiers,1115777.0,1.0,7,38,False,22.0
8873603292,2390,1782767604,10182710.0,COLOMBIA,10182705.0,Bolivia ,19885,Road to ENC 2026 Regional Qualifiers,1115794.0,1.0,23,32,False,22.0
8873600727,3210,1782767509,8215874.0,CHILE,10182810.0,Argentina,19885,Road to ENC 2026 Regional Qualifiers,1115793.0,1.0,41,27,True,22.0
8873595214,2095,1782767120,10186492.0,Ecuador,10182656.0,Venezuela,19885,Road to ENC 2026 Regional Qualifiers,1115791.0,1.0,35,11,True,22.0
8873594081,2288,1782767187,10182650.0,Costa Rica,10182892.0,Mexico,19885,Road to ENC 2026 Regional Qualifiers,1115792.0,1.0,38,24,True,22.0
8873566773,2840,1782766015,10186464.0,Team Belgium,10182519.0,Team France,19885,Road to ENC 2026 Regional Qualifiers,1115729.0,1.0,41,53,False,22.0
8873538445,1729,1782764606,10182738.0,Team Madagascar,10182524.0,Team Nigeria,19885,Road to ENC 2026 Regional Qualifiers,1115777.0,1.0,36,5,True,22.0
8873521239,780,1782763814,10186458.0,TEAM MALAWI,10182748.0,Team South Africa,19885,Road to ENC 2026 Regional Qualifiers,1115759.0,1.0,4,29,False,22.0
8873519314,2393,1782763732,10182459.0,Georgia,10182755.0,Team Iran,19885,Road to ENC 2026 Regional Qualifiers,1115735.0,1.0,17,29,False,22.0
8873508536,1968,1782763280,10164510.0,Norge,10182715.0,Team Ireland,19885,Road to ENC 2026 Regional Qualifiers,1115740.0,1.0,41,15,True,22.0
8873491003,2685,1782762556,10182519.0,Team France,10186464.0,Team Belgium,19885,Road to ENC 2026 Regional Qualifiers,1115729.0,1.0,27,49,False,22.0
8873473463,964,1782761827,10182748.0,Team South Africa,10186458.0,TEAM MALAWI,19885,Road to ENC 2026 Regional Qualifiers,1115759.0,1.0,54,5,True,22.0
8873447296,2684,1782761294,10182713.0,Team Uzbekistan,10182492.0,Kyrgyzstan,19885,Road to ENC 2026 Regional Qualifiers,1115703.0,1.0,30,47,False,22.0
8873427999,1758,1782759997,10182501.0,Team Portugal,10177742.0,Great Britain,19885,Road to ENC 2026 Regional Qualifiers,1115727.0,1.0,15,47,False,22.0
8873423551,1625,1782759816,10182732.0,Team Saudi Arabia,10182032.0,Team Turkmenistan,19885,Road to ENC 2026 Regional Qualifiers,1115731.0,1.0,40,20,True,22.0
8873396816,1855,1782758664,10186432.0,Algeria,10182678.0,Team Azerbaijan,19885,Road to ENC 2026 Regional Qualifiers,1115723.0,1.0,40,16,True,22.0
8873393989,2439,1782758544,10182851.0,Team Kenya,10182524.0,Team Nigeria,19885,Road to ENC 2026 Regional Qualifiers,1115711.0,1.0,29,50,False,22.0
8873385811,2824,1782758283,10182715.0,Team Ireland,10164510.0,Norge,19885,Road to ENC 2026 Regional Qualifiers,1115740.0,1.0,23,43,False,22.0
8873379777,2279,1782757943,9586367.0,Tunisia,10182482.0,Team Tajikistan,19885,Road to ENC 2026 Regional Qualifiers,1115738.0,1.0,29,42,False,22.0
8873363935,4034,1782757357,10182755.0,Team Iran,10182459.0,Georgia,19885,Road to ENC 2026 Regional Qualifiers,1115735.0,1.0,36,40,True,22.0
8873363321,1312,1782757249,8532176.0,GREECE,5095368.0,Israel,19885,Road to ENC 2026 Regional Qualifiers,1115707.0,1.0,31,6,True,22.0
8873362808,1357,1782757229,10182693.0,Lebanon,10186456.0,Egypt,19885,Road to ENC 2026 Regional Qualifiers,1115714.0,1.0,40,7,True,22.0
8873357441,1875,1782757000,10182492.0,Kyrgyzstan,10182713.0,Team Uzbekistan,19885,Road to ENC 2026 Regional Qualifiers,1115703.0,1.0,55,11,True,22.0
8873353406,1564,1782756885,10182032.0,Team Turkmenistan,10182732.0,Team Saudi Arabia,19885,Road to ENC 2026 Regional Qualifiers,1115731.0,1.0,15,48,False,22.0
8873350428,1305,1782756709,9855768.0,Türkiye,10182769.0,Palestine,19885,Road to ENC 2026 Regional Qualifiers,1115710.0,1.0,58,19,True,22.0
8873346669,624,1782756554,2239113.0,Team Zambia (ZAM),10182748.0,Team South Africa,19885,Road to ENC 2026 Regional Qualifiers,1115709.0,1.0,4,20,False,22.0
8873337558,2618,1782756178,10182706.0,Team Hungary,10182833.0,Czech Republic,19885,Road to ENC 2026 Regional Qualifiers,1115706.0,1.0,36,46,False,22.0
8873335099,2551,1782756500,10186464.0,Team Belgium,10182519.0,Team France,19885,Road to ENC 2026 Regional Qualifiers,1115729.0,1.0,16,33,False,22.0
8873333691,1638,1782756073,10182501.0,Team Portugal,10177742.0,Great Britain,19885,Road to ENC 2026 Regional Qualifiers,1115727.0,1.0,10,39,False,22.0
8873333547,1432,1782756014,10182496.0,Team Finland,10182793.0,Switzerland,19885,Road to ENC 2026 Regional Qualifiers,1115702.0,1.0,48,16,True,22.0
8873332154,1674,1782755956,10182639.0,Serbia,10182654.0,LATVIA,19885,Road to ENC 2026 Regional Qualifiers,1115704.0,1.0,30,13,True,22.0
8873325444,1302,1782755684,9055189.0,Croatia,10182773.0,Team Romania,19885,Road to ENC 2026 Regional Qualifiers,1115701.0,1.0,19,35,False,22.0
8873317055,1275,1782755394,10186432.0,Algeria,10182678.0,Team Azerbaijan,19885,Road to ENC 2026 Regional Qualifiers,1115723.0,1.0,35,7,True,22.0
8873309921,1469,1782755056,10182699.0,Team Estonia,2500088.0,Slovenia,19885,Road to ENC 2026 Regional Qualifiers,1115700.0,1.0,41,12,True,22.0
8873309821,1208,1782755083,10182482.0,Team Tajikistan,9586367.0,Tunisia,19885,Road to ENC 2026 Regional Qualifiers,1115720.0,1.0,41,13,True,22.0
8873306881,2336,1782754930,10186455.0,TEAM CAMEROON,10186458.0,TEAM MALAWI,19885,Road to ENC 2026 Regional Qualifiers,1115715.0,1.0,36,55,False,22.0
8873294642,1305,1782754487,10186456.0,Egypt,10182693.0,Lebanon,19885,Road to ENC 2026 Regional Qualifiers,1115714.0,1.0,2,25,False,22.0
8873285118,2181,1782754055,10182524.0,Team Nigeria,10182851.0,Team Kenya,19885,Road to ENC 2026 Regional Qualifiers,1115711.0,1.0,33,13,True,22.0
8873278115,1247,1782753806,10182769.0,Palestine,9855768.0,Türkiye,19885,Road to ENC 2026 Regional Qualifiers,1115710.0,1.0,6,46,False,22.0
8873277793,800,1782753818,10182748.0,Team South Africa,2239113.0,Team Zambia (ZAM),19885,Road to ENC 2026 Regional Qualifiers,1115709.0,1.0,28,0,True,22.0
8873262674,1939,1782753562,5095368.0,Israel,8532176.0,GREECE,19885,Road to ENC 2026 Regional Qualifiers,1115707.0,1.0,10,45,False,22.0
8873253736,1434,1782752897,10182755.0,Team Iran,10182732.0,Team Saudi Arabia,19885,Road to ENC 2026 Regional Qualifiers,1115676.0,1.0,46,12,True,22.0
8873250407,1459,1782752809,10182706.0,Team Hungary,10182833.0,Czech Republic,19885,Road to ENC 2026 Regional Qualifiers,1115706.0,1.0,11,38,False,22.0
8873249525,1636,1782752649,10182496.0,Team Finland,10182793.0,Switzerland,19885,Road to ENC 2026 Regional Qualifiers,1115702.0,1.0,54,8,True,22.0
8873248383,1574,1782752767,10182639.0,Serbia,10182654.0,LATVIA,19885,Road to ENC 2026 Regional Qualifiers,1115704.0,1.0,24,8,True,22.0
8873246048,2272,1782752765,10182713.0,Team Uzbekistan,10182492.0,Kyrgyzstan,19885,Road to ENC 2026 Regional Qualifiers,1115703.0,1.0,38,21,True,22.0
8873232736,2098,1782752074,9055189.0,Croatia,10182773.0,Team Romania,19885,Road to ENC 2026 Regional Qualifiers,1115701.0,1.0,24,50,False,22.0
8873223705,1672,1782751706,10182699.0,Team Estonia,2500088.0,Slovenia,19885,Road to ENC 2026 Regional Qualifiers,1115700.0,1.0,37,13,True,22.0
8873202792,5232,1782750887,10182715.0,Team Ireland,10182460.0,Team Italy,19885,Road to ENC 2026 Regional Qualifiers,1115679.0,1.0,62,51,True,22.0
8873154946,2499,1782749307,10182458.0,Team Syria,9517326.0,Egypt,19885,Road to ENC 2026 Regional Qualifiers,1115662.0,1.0,39,66,False,22.0
8873143287,1630,1782748822,10182486.0,Iceland ,10182519.0,Team France,19885,Road to ENC 2026 Regional Qualifiers,1115680.0,1.0,13,32,False,22.0
8873136109,3541,1782748573,10182482.0,Team Tajikistan,10182678.0,Team Azerbaijan,19885,Road to ENC 2026 Regional Qualifiers,1115666.0,1.0,41,53,False,22.0
8873134972,2025,1782748536,10182755.0,Team Iran,10182732.0,Team Saudi Arabia,19885,Road to ENC 2026 Regional Qualifiers,1115676.0,1.0,12,25,False,22.0
8873111382,2093,1782747743,10182654.0,LATVIA,8207902.0,Slovakia,19885,Road to ENC 2026 Regional Qualifiers,1115665.0,1.0,56,15,True,22.0
8873090446,2460,1782747052,10182492.0,Kyrgyzstan,9855768.0,Türkiye,19885,Road to ENC 2026 Regional Qualifiers,1115658.0,1.0,51,35,True,22.0
8873085721,1372,1782746898,9055189.0,Croatia,2500088.0,Slovenia,19885,Road to ENC 2026 Regional Qualifiers,1115669.0,1.0,65,15,True,22.0
8873084933,1783,1782746873,10182713.0,Team Uzbekistan,10182769.0,Palestine,19885,Road to ENC 2026 Regional Qualifiers,1115670.0,1.0,65,20,True,22.0
8873074159,2028,1782746523,5095368.0,Israel,8838495.0,Lithuania,19885,Road to ENC 2026 Regional Qualifiers,1115664.0,1.0,43,16,True,22.0
8873067083,1826,1782746298,10186431.0,Algeria,9586367.0,Tunisia,19885,Road to ENC 2026 Regional Qualifiers,1115683.0,1.0,34,11,True,22.0
8873061977,1297,1782746135,10182032.0,Team Turkmenistan,10182459.0,Georgia,19885,Road to ENC 2026 Regional Qualifiers,1115660.0,1.0,16,56,False,22.0
8873060145,1790,1782746079,9517326.0,Egypt,10182458.0,Team Syria,19885,Road to ENC 2026 Regional Qualifiers,1115662.0,1.0,62,14,True,22.0
8873041404,2518,1782745492,10182860.0,Kosovo Team,10182706.0,Team Hungary,19885,Road to ENC 2026 Regional Qualifiers,1115659.0,1.0,22,38,False,22.0
8873034096,1249,1782745528,10182519.0,Team France,10182486.0,Iceland ,19885,Road to ENC 2026 Regional Qualifiers,1115680.0,1.0,32,5,True,22.0
8873031100,2893,1782745833,10182460.0,Team Italy,10182715.0,Team Ireland,19885,Road to ENC 2026 Regional Qualifiers,1115679.0,1.0,21,22,False,22.0
8872983345,2483,1782743725,10182732.0,Team Saudi Arabia,10182755.0,Team Iran,19885,Road to ENC 2026 Regional Qualifiers,1115676.0,1.0,24,46,False,22.0
8872968440,1299,1782743216,9055189.0,Croatia,2500088.0,Slovenia,19885,Road to ENC 2026 Regional Qualifiers,1115669.0,1.0,39,13,True,22.0
8872959540,1158,1782743070,10182713.0,Team Uzbekistan,10182769.0,Palestine,19885,Road to ENC 2026 Regional Qualifiers,1115670.0,1.0,35,6,True,22.0
8872953252,2782,1782742867,10182482.0,Team Tajikistan,10182678.0,Team Azerbaijan,19885,Road to ENC 2026 Regional Qualifiers,1115666.0,1.0,35,52,False,22.0
8872946542,2515,1782742693,8207902.0,Slovakia,10182654.0,LATVIA,19885,Road to ENC 2026 Regional Qualifiers,1115665.0,1.0,13,56,False,22.0
8872943566,2246,1782742608,8838495.0,Lithuania,5095368.0,Israel,19885,Road to ENC 2026 Regional Qualifiers,1115664.0,1.0,13,39,False,22.0
8872943248,1394,1782742559,9586367.0,Tunisia,10186432.0,Algeria,19885,Road to ENC 2026 Regional Qualifiers,1115663.0,1.0,5,38,False,22.0
8872934751,1908,1782742327,10182458.0,Team Syria,9517326.0,Egypt,19885,Road to ENC 2026 Regional Qualifiers,1115662.0,1.0,38,28,True,22.0
8872932159,1626,1782742291,10182032.0,Team Turkmenistan,10182459.0,Georgia,19885,Road to ENC 2026 Regional Qualifiers,1115660.0,1.0,7,59,False,22.0
8872923482,1385,1782742010,10182860.0,Kosovo Team,10182706.0,Team Hungary,19885,Road to ENC 2026 Regional Qualifiers,1115659.0,1.0,7,29,False,22.0
8872916646,2636,1782742315,9855768.0,Türkiye,10182492.0,Kyrgyzstan,19885,Road to ENC 2026 Regional Qualifiers,1115658.0,1.0,18,56,False,22.0
8871520485,3890,1782667298,10136357.0,Nigma Galaxy ,2576071.0,Yellow Submarine,19892,The International 2026 - Regional Qualifier Europe,1115384.0,1.0,36,27,True,22.0
8871409188,2371,1782663396,2576071.0,Yellow Submarine,10136357.0,Nigma Galaxy ,19892,The International 2026 - Regional Qualifier Europe,1115384.0,1.0,28,22,True,22.0
8871239788,3431,1782658094,10136357.0,Nigma Galaxy ,2576071.0,Yellow Submarine,19892,The International 2026 - Regional Qualifier Europe,1115384.0,1.0,41,30,True,22.0
8871085894,2473,1782653592,10149530.0,HULIGANI,9895392.0,Virtus.pro,19892,The International 2026 - Regional Qualifier Europe,1115295.0,1.0,24,7,True,22.0
8870918906,3946,1782648347,10149530.0,HULIGANI,9895392.0,Virtus.pro,19892,The International 2026 - Regional Qualifier Europe,1115295.0,1.0,29,29,True,22.0
8870805066,2567,1782644383,9895392.0,Virtus.pro,10149530.0,HULIGANI,19892,The International 2026 - Regional Qualifier Europe,1115295.0,1.0,27,7,True,22.0
8869535334,3396,1782579423,55.0,_PowerRangers,2576071.0,Yellow Submarine,19892,The International 2026 - Regional Qualifier Europe,1115067.0,1.0,17,27,False,22.0
8869425699,2292,1782575634,55.0,_PowerRangers,2576071.0,Yellow Submarine,19892,The International 2026 - Regional Qualifier Europe,1115067.0,1.0,13,32,False,22.0
8869278302,2872,1782571199,2576071.0,Yellow Submarine,55.0,_PowerRangers,19892,The International 2026 - Regional Qualifier Europe,1115067.0,1.0,19,35,False,22.0
8869138077,2523,1782566905,36.0,Natus Vincere,10149530.0,HULIGANI,19892,The International 2026 - Regional Qualifier Europe,1114946.0,1.0,20,21,False,22.0
8869032515,2103,1782563399,10149530.0,HULIGANI,36.0,Natus Vincere,19892,The International 2026 - Regional Qualifier Europe,1114946.0,1.0,6,24,False,22.0
8868891396,3781,1782558004,36.0,Natus Vincere,10149530.0,HULIGANI,19892,The International 2026 - Regional Qualifier Europe,1114946.0,1.0,24,36,False,22.0
8868289953,1585,1782522531,9964962.0,GamerLegion,10170769.0,4 Anchors + Ilmeria,19890,The International 2026 - Regional Qualifier North America,1114833.0,2.0,40,11,True,22.0
8868259993,1142,1782519811,10170769.0,4 Anchors + Ilmeria,9964962.0,GamerLegion,19890,The International 2026 - Regional Qualifier North America,1114833.0,2.0,3,26,False,22.0
8868198692,2924,1782515485,10170769.0,4 Anchors + Ilmeria,9964962.0,GamerLegion,19890,The International 2026 - Regional Qualifier North America,1114833.0,2.0,24,50,False,22.0
8868075845,2806,1782508204,10170769.0,4 Anchors + Ilmeria,10170364.0,The Bug,19890,The International 2026 - Regional Qualifier North America,1114804.0,1.0,30,28,True,22.0
8867981437,1543,1782504223,10170364.0,The Bug,10170769.0,4 Anchors + Ilmeria,19890,The International 2026 - Regional Qualifier North America,1114804.0,1.0,8,36,False,22.0
8867798521,2998,1782496758,10164198.0,Team Bald,55.0,_PowerRangers,19892,The International 2026 - Regional Qualifier Europe,1114716.0,1.0,23,41,False,22.0
8867656896,2067,1782492950,55.0,_PowerRangers,10164198.0,Team Bald,19892,The International 2026 - Regional Qualifier Europe,1114716.0,1.0,32,7,True,22.0
8867373444,4739,1782482172,7299465.0,MODUS,2576071.0,Yellow Submarine,19892,The International 2026 - Regional Qualifier Europe,1114643.0,1.0,40,43,False,22.0
8867258849,1984,1782478568,2576071.0,Yellow Submarine,7299465.0,MODUS,19892,The International 2026 - Regional Qualifier Europe,1114643.0,1.0,20,8,True,22.0
8867153677,2564,1782474130,36.0,Natus Vincere,9338413.0,MOUZ,19892,The International 2026 - Regional Qualifier Europe,1114615.0,1.0,23,20,True,22.0
8867047967,3304,1782469212,36.0,Natus Vincere,9338413.0,MOUZ,19892,The International 2026 - Regional Qualifier Europe,1114615.0,1.0,43,31,True,22.0
8866967876,2435,1782464923,9255039.0,enjoy,10149530.0,HULIGANI,19892,The International 2026 - Regional Qualifier Europe,1114607.0,1.0,9,23,False,22.0
8866899443,2525,1782460899,10149530.0,HULIGANI,9255039.0,enjoy,19892,The International 2026 - Regional Qualifier Europe,1114607.0,1.0,24,5,True,22.0
8866595719,1567,1782435829,9964962.0,GamerLegion,10170364.0,The Bug,19890,The International 2026 - Regional Qualifier North America,1114528.0,1.0,50,17,True,22.0
8866565136,1688,1782432703,10170364.0,The Bug,9964962.0,GamerLegion,19890,The International 2026 - Regional Qualifier North America,1114528.0,1.0,11,34,False,22.0
8866547078,881,1782430845,9866136.0,ggboom,10170769.0,4 Anchors + Ilmeria,19890,The International 2026 - Regional Qualifier North America,1114488.0,1.0,20,28,False,22.0
8866367033,3409,1782419894,9866136.0,ggboom,10170769.0,4 Anchors + Ilmeria,19890,The International 2026 - Regional Qualifier North America,1114488.0,1.0,32,63,False,22.0
8866148821,1709,1782408313,9572001.0,TEAM VISION,9895392.0,Virtus.pro,19892,The International 2026 - Regional Qualifier Europe,1114407.0,1.0,29,8,True,22.0
8866059533,2460,1782404232,9572001.0,TEAM VISION,9895392.0,Virtus.pro,19892,The International 2026 - Regional Qualifier Europe,1114407.0,1.0,28,11,True,22.0
8865950637,2963,1782399616,9572001.0,TEAM VISION,9895392.0,Virtus.pro,19892,The International 2026 - Regional Qualifier Europe,1114407.0,1.0,25,30,False,22.0
8865839876,2543,1782395000,10136357.0,Nigma Galaxy ,7119388.0,Team Spirit,19892,The International 2026 - Regional Qualifier Europe,1114331.0,1.0,18,38,False,22.0
8865744992,2470,1782390955,10136357.0,Nigma Galaxy ,7119388.0,Team Spirit,19892,The International 2026 - Regional Qualifier Europe,1114331.0,1.0,18,36,False,22.0
8865634649,3787,1782385247,10136357.0,Nigma Galaxy ,7119388.0,Team Spirit,19892,The International 2026 - Regional Qualifier Europe,1114331.0,1.0,48,24,True,22.0
8865235987,1672,1782347203,9964962.0,GamerLegion,10170769.0,4 Anchors + Ilmeria,19890,The International 2026 - Regional Qualifier North America,1114230.0,1.0,30,22,True,22.0
8865201396,1794,1782344101,10170769.0,4 Anchors + Ilmeria,9964962.0,GamerLegion,19890,The International 2026 - Regional Qualifier North America,1114230.0,1.0,12,38,False,22.0
8865148834,2570,1782338462,9866136.0,ggboom,10170364.0,The Bug,19890,The International 2026 - Regional Qualifier North America,1114208.0,1.0,23,51,False,22.0
8865077196,2761,1782333177,9866136.0,ggboom,10170364.0,The Bug,19890,The International 2026 - Regional Qualifier North America,1114208.0,1.0,12,30,False,22.0
8864910702,2172,1782324518,55.0,_PowerRangers,9572001.0,TEAM VISION,19892,The International 2026 - Regional Qualifier Europe,1114127.0,1.0,23,38,False,22.0
8864836417,1637,1782320853,9572001.0,TEAM VISION,55.0,_PowerRangers,19892,The International 2026 - Regional Qualifier Europe,1114127.0,1.0,41,10,True,22.0
8864725915,3419,1782315673,2576071.0,Yellow Submarine,9895392.0,Virtus.pro,19892,The International 2026 - Regional Qualifier Europe,1114067.0,1.0,19,44,False,22.0
8864636407,2032,1782312100,2576071.0,Yellow Submarine,9895392.0,Virtus.pro,19892,The International 2026 - Regional Qualifier Europe,1114067.0,1.0,14,31,False,22.0
8864540587,2180,1782308432,2576071.0,Yellow Submarine,9895392.0,Virtus.pro,19892,The International 2026 - Regional Qualifier Europe,1114067.0,1.0,34,13,True,22.0
8864423988,3118,1782303363,10163973.0,RE ARISE,10149530.0,HULIGANI,19892,The International 2026 - Regional Qualifier Europe,1114007.0,1.0,35,37,False,22.0
8864356939,1909,1782299980,10149530.0,HULIGANI,10163973.0,RE ARISE,19892,The International 2026 - Regional Qualifier Europe,1114007.0,1.0,30,6,True,22.0
8864282619,2971,1782295409,10163973.0,RE ARISE,10149530.0,HULIGANI,19892,The International 2026 - Regional Qualifier Europe,1114007.0,1.0,30,25,True,22.0
8864236962,1721,1782291882,9338413.0,MOUZ,10019843.0,Inner Circle x Insanity,19892,The International 2026 - Regional Qualifier Europe,1113997.0,1.0,28,5,True,22.0
8864184490,2026,1782288333,10019843.0,Inner Circle x Insanity,9338413.0,MOUZ,19892,The International 2026 - Regional Qualifier Europe,1113997.0,1.0,10,23,False,22.0
8863619325,2289,1782238380,10136357.0,Nigma Galaxy ,36.0,Natus Vincere,19892,The International 2026 - Regional Qualifier Europe,1113827.0,1.0,26,9,True,22.0
8863548385,2290,1782234372,10136357.0,Nigma Galaxy ,36.0,Natus Vincere,19892,The International 2026 - Regional Qualifier Europe,1113827.0,1.0,21,15,True,22.0
8863437217,2770,1782229423,7119388.0,Team Spirit,9255039.0,enjoy,19892,The International 2026 - Regional Qualifier Europe,1113782.0,1.0,41,17,True,22.0
8863338901,2224,1782225504,9255039.0,enjoy,7119388.0,Team Spirit,19892,The International 2026 - Regional Qualifier Europe,1113782.0,1.0,11,34,False,22.0
8863187227,4299,1782218924,9895247.0,Rune Eaters,7299465.0,MODUS,19892,The International 2026 - Regional Qualifier Europe,1113711.0,1.0,33,40,False,22.0
8863110069,2245,1782215075,7299465.0,MODUS,9895247.0,Rune Eaters,19892,The International 2026 - Regional Qualifier Europe,1113711.0,1.0,27,12,True,22.0
8863091025,4111,1782214039,2586976.0,OG,10135834.0,TEAM GRIND,19894,The International 2026 - Regional Qualifier Southeast Asia,1113699.0,2.0,49,28,True,22.0
8863048425,1995,1782211484,9895247.0,Rune Eaters,7299465.0,MODUS,19892,The International 2026 - Regional Qualifier Europe,1113711.0,1.0,20,2,True,22.0
8863006891,3409,1782208621,2586976.0,OG,10135834.0,TEAM GRIND,19894,The International 2026 - Regional Qualifier Southeast Asia,1113699.0,2.0,42,10,True,22.0
8862980143,2723,1782206656,10164198.0,Team Bald,9872558.0,VP.Prodigy,19892,The International 2026 - Regional Qualifier Europe,1113703.0,1.0,55,25,True,22.0
8862950264,2908,1782204312,2586976.0,OG,10135834.0,TEAM GRIND,19894,The International 2026 - Regional Qualifier Southeast Asia,1113699.0,2.0,24,13,True,22.0
8862933625,2434,1782202754,10164198.0,Team Bald,9872558.0,VP.Prodigy,19892,The International 2026 - Regional Qualifier Europe,1113703.0,1.0,29,13,True,22.0
8862890705,3557,1782199149,2586976.0,OG,10135834.0,TEAM GRIND,19894,The International 2026 - Regional Qualifier Southeast Asia,1113699.0,2.0,22,29,False,22.0
8862817169,2496,1782191792,9828897.0,REKONIX,10135834.0,TEAM GRIND,19894,The International 2026 - Regional Qualifier Southeast Asia,1113682.0,1.0,14,38,False,22.0
8862775500,2651,1782187204,9828897.0,REKONIX,10135834.0,TEAM GRIND,19894,The International 2026 - Regional Qualifier Southeast Asia,1113682.0,1.0,21,30,False,22.0
8862424729,2139,1782155237,10163973.0,RE ARISE,9572001.0,TEAM VISION,19892,The International 2026 - Regional Qualifier Europe,1113566.0,1.0,18,38,False,22.0
8862359075,1841,1782151635,10163973.0,RE ARISE,9572001.0,TEAM VISION,19892,The International 2026 - Regional Qualifier Europe,1113566.0,1.0,8,29,False,22.0
8862268885,2806,1782146907,10149530.0,HULIGANI,55.0,_PowerRangers,19892,The International 2026 - Regional Qualifier Europe,1113497.0,1.0,15,41,False,22.0
8862170836,3173,1782142293,10149530.0,HULIGANI,55.0,_PowerRangers,19892,The International 2026 - Regional Qualifier Europe,1113497.0,1.0,27,23,True,22.0
8862132459,2721,1782140588,8254145.0,Execration,10135834.0,TEAM GRIND,19894,The International 2026 - Regional Qualifier Southeast Asia,1113493.0,1.0,18,42,False,22.0
8862046937,3797,1782136963,55.0,_PowerRangers,10149530.0,HULIGANI,19892,The International 2026 - Regional Qualifier Europe,1113497.0,1.0,27,36,True,22.0
8862032169,2732,1782136282,8254145.0,Execration,10135834.0,TEAM GRIND,19894,The International 2026 - Regional Qualifier Southeast Asia,1113493.0,1.0,14,33,False,22.0
8861948825,2352,1782132637,10019843.0,Inner Circle x Insanity,9895392.0,Virtus.pro,19892,The International 2026 - Regional Qualifier Europe,1113450.0,1.0,16,37,False,22.0
8861905178,3016,1782130513,9828897.0,REKONIX,2586976.0,OG,19894,The International 2026 - Regional Qualifier Southeast Asia,1113448.0,1.0,16,37,False,22.0
8861864250,3174,1782128182,10019843.0,Inner Circle x Insanity,9895392.0,Virtus.pro,19892,The International 2026 - Regional Qualifier Europe,1113450.0,1.0,23,54,False,22.0
8861804868,4303,1782124632,9828897.0,REKONIX,2586976.0,OG,19894,The International 2026 - Regional Qualifier Southeast Asia,1113448.0,1.0,33,28,True,22.0
8861788724,2830,1782123754,9895392.0,Virtus.pro,10019843.0,Inner Circle x Insanity,19892,The International 2026 - Regional Qualifier Europe,1113450.0,1.0,15,28,False,22.0
8861740474,2937,1782120027,9828897.0,REKONIX,2586976.0,OG,19894,The International 2026 - Regional Qualifier Southeast Asia,1113448.0,1.0,14,33,False,22.0
8861735465,1918,1782119611,9338413.0,MOUZ,2576071.0,Yellow Submarine,19892,The International 2026 - Regional Qualifier Europe,1113442.0,1.0,8,35,False,22.0
8861689034,2418,1782115744,10081680.0,GLYPH,10135834.0,TEAM GRIND,19894,The International 2026 - Regional Qualifier Southeast Asia,1113435.0,1.0,6,29,False,22.0
8861682683,2724,1782115263,2576071.0,Yellow Submarine,9338413.0,MOUZ,19892,The International 2026 - Regional Qualifier Europe,1113442.0,1.0,29,19,True,22.0
8861641474,2594,1782111464,10081680.0,GLYPH,10135834.0,TEAM GRIND,19894,The International 2026 - Regional Qualifier Southeast Asia,1113435.0,1.0,12,25,False,22.0
8861612414,1629,1782108310,10081680.0,GLYPH,10135834.0,TEAM GRIND,19894,The International 2026 - Regional Qualifier Southeast Asia,1113435.0,1.0,27,3,True,22.0
8861575178,2539,1782103792,10144695.0,Mentality Monsters,8254145.0,Execration,19894,The International 2026 - Regional Qualifier Southeast Asia,1113401.0,1.0,17,35,False,22.0
8861527029,3777,1782098293,10144695.0,Mentality Monsters,8254145.0,Execration,19894,The International 2026 - Regional Qualifier Southeast Asia,1113401.0,1.0,35,26,True,22.0
8861486265,2891,1782093881,8254145.0,Execration,10144695.0,Mentality Monsters,19894,The International 2026 - Regional Qualifier Southeast Asia,1113401.0,1.0,37,17,True,22.0
8860968885,2179,1782058170,7299465.0,MODUS,36.0,Natus Vincere,19892,The International 2026 - Regional Qualifier Europe,1113209.0,1.0,13,31,False,22.0
8860874416,2560,1782054073,7299465.0,MODUS,36.0,Natus Vincere,19892,The International 2026 - Regional Qualifier Europe,1113209.0,1.0,12,31,False,22.0
8860726856,3463,1782048442,9895247.0,Rune Eaters,10136357.0,Nigma Galaxy ,19892,The International 2026 - Regional Qualifier Europe,1113140.0,1.0,43,40,False,22.0
8860634747,1979,1782044710,10136357.0,Nigma Galaxy ,9895247.0,Rune Eaters,19892,The International 2026 - Regional Qualifier Europe,1113140.0,1.0,39,10,True,22.0
8860553961,1909,1782040916,10164198.0,Team Bald,9255039.0,enjoy,19892,The International 2026 - Regional Qualifier Europe,1113092.0,1.0,11,33,False,22.0
8860532107,2937,1782039870,2586976.0,OG,10081680.0,GLYPH,19894,The International 2026 - Regional Qualifier Southeast Asia,1113086.0,1.0,30,15,True,22.0
8860479471,2296,1782037048,10164198.0,Team Bald,9255039.0,enjoy,19892,The International 2026 - Regional Qualifier Europe,1113092.0,1.0,13,35,False,22.0
8860454696,2556,1782035655,10081680.0,GLYPH,2586976.0,OG,19894,The International 2026 - Regional Qualifier Southeast Asia,1113086.0,1.0,9,29,False,22.0
8860410652,1863,1782033190,7119388.0,Team Spirit,9872558.0,VP.Prodigy,19892,The International 2026 - Regional Qualifier Europe,1113064.0,1.0,35,14,True,22.0
8860369977,3008,1782030728,9828897.0,REKONIX,8254145.0,Execration,19894,The International 2026 - Regional Qualifier Southeast Asia,1113055.0,1.0,39,28,True,22.0
8860337807,2577,1782028936,7119388.0,Team Spirit,9872558.0,VP.Prodigy,19892,The International 2026 - Regional Qualifier Europe,1113064.0,1.0,28,16,True,22.0
8860302120,2587,1782026654,8254145.0,Execration,9828897.0,REKONIX,19894,The International 2026 - Regional Qualifier Southeast Asia,1113055.0,1.0,17,37,False,22.0
8860247815,2197,1782022994,9828897.0,REKONIX,8254145.0,Execration,19894,The International 2026 - Regional Qualifier Southeast Asia,1113055.0,1.0,11,29,False,22.0
8860187335,3005,1782018400,7917893.0,InterActive Philippines,10144695.0,Mentality Monsters,19894,The International 2026 - Regional Qualifier Southeast Asia,1113036.0,1.0,28,33,False,22.0
8860146255,2190,1782014803,10144695.0,Mentality Monsters,7917893.0,InterActive Philippines,19894,The International 2026 - Regional Qualifier Southeast Asia,1113036.0,1.0,19,10,True,22.0
8860108789,1481,1782011290,10135834.0,TEAM GRIND,9098294.0,Carstensz Esports,19894,The International 2026 - Regional Qualifier Southeast Asia,1113007.0,1.0,25,13,True,22.0
8860067580,2216,1782007360,9098294.0,Carstensz Esports,10135834.0,TEAM GRIND,19894,The International 2026 - Regional Qualifier Southeast Asia,1113007.0,1.0,15,35,False,22.0
8859165411,2152,1781956103,7917893.0,InterActive Philippines,2586976.0,OG,19894,The International 2026 - Regional Qualifier Southeast Asia,1112690.0,1.0,20,50,False,22.0
8859056335,4906,1781949658,7917893.0,InterActive Philippines,2586976.0,OG,19894,The International 2026 - Regional Qualifier Southeast Asia,1112690.0,1.0,37,38,False,22.0
8858998340,1859,1781945925,9828897.0,REKONIX,10135834.0,TEAM GRIND,19894,The International 2026 - Regional Qualifier Southeast Asia,1112662.0,1.0,32,11,True,22.0
8858939215,2105,1781942212,9828897.0,REKONIX,10135834.0,TEAM GRIND,19894,The International 2026 - Regional Qualifier Southeast Asia,1112662.0,1.0,24,14,True,22.0
8858884246,1842,1781938326,10144695.0,Mentality Monsters,10150434.0,DIREBORN,19894,The International 2026 - Regional Qualifier Southeast Asia,1112625.0,1.0,37,15,True,22.0
8858821622,3327,1781933662,10144695.0,Mentality Monsters,10150434.0,DIREBORN,19894,The International 2026 - Regional Qualifier Southeast Asia,1112625.0,1.0,38,32,True,22.0
8858763196,3538,1781927939,9098294.0,Carstensz Esports,9546449.0,Yangon Galacticos,19894,The International 2026 - Regional Qualifier Southeast Asia,1112581.0,1.0,51,16,True,22.0
8858726463,2305,1781924290,9098294.0,Carstensz Esports,9546449.0,Yangon Galacticos,19894,The International 2026 - Regional Qualifier Southeast Asia,1112581.0,1.0,32,18,True,22.0
8858693286,1967,1781920838,9546449.0,Yangon Galacticos,9098294.0,Carstensz Esports,19894,The International 2026 - Regional Qualifier Southeast Asia,1112581.0,1.0,31,9,True,22.0
8858503756,3500,1781902332,10020555.0,PlayTime,10150538.0,LGD Gaming,19891,The International 2026 - Regional Qualifier South America,1112489.0,2.0,22,60,False,22.0
8858445091,1750,1781898981,10150538.0,LGD Gaming,10020555.0,PlayTime,19891,The International 2026 - Regional Qualifier South America,1112489.0,2.0,23,8,True,22.0
8858368963,2587,1781894824,10020555.0,PlayTime,10150538.0,LGD Gaming,19891,The International 2026 - Regional Qualifier South America,1112489.0,2.0,18,29,False,22.0
8858252265,1509,1781888837,10020555.0,PlayTime,10108655.0,Amaru Gaming,19891,The International 2026 - Regional Qualifier South America,1112434.0,1.0,33,14,True,22.0
8858165744,2470,1781884888,10108655.0,Amaru Gaming,10020555.0,PlayTime,19891,The International 2026 - Regional Qualifier South America,1112434.0,1.0,11,42,False,22.0
8857839176,2722,1781869921,10081680.0,GLYPH,10150434.0,DIREBORN,19894,The International 2026 - Regional Qualifier Southeast Asia,1112345.0,1.0,27,22,True,22.0
8857773091,2346,1781865938,10150434.0,DIREBORN,10081680.0,GLYPH,19894,The International 2026 - Regional Qualifier Southeast Asia,1112345.0,1.0,16,38,False,22.0
8857713100,2378,1781861645,9098294.0,Carstensz Esports,8254145.0,Execration,19894,The International 2026 - Regional Qualifier Southeast Asia,1112332.0,1.0,13,34,False,22.0
8857663074,2244,1781858171,8254145.0,Execration,9098294.0,Carstensz Esports,19894,The International 2026 - Regional Qualifier Southeast Asia,1112332.0,1.0,31,17,True,22.0
8857588451,3428,1781852735,7917893.0,InterActive Philippines,9546449.0,Yangon Galacticos,19894,The International 2026 - Regional Qualifier Southeast Asia,1112307.0,1.0,39,28,True,22.0
8857534603,3555,1781847946,7917893.0,InterActive Philippines,9546449.0,Yangon Galacticos,19894,The International 2026 - Regional Qualifier Southeast Asia,1112307.0,1.0,44,25,True,22.0
8857522406,2553,1781846926,10108655.0,Amaru Gaming,9691969.0,Team Nemesis,19891,The International 2026 - Regional Qualifier South America,1112267.0,1.0,22,24,True,22.0
8857503648,1540,1781844990,7917893.0,InterActive Philippines,9546449.0,Yangon Galacticos,19894,The International 2026 - Regional Qualifier Southeast Asia,1112307.0,1.0,7,36,False,22.0
8857465914,4009,1781841132,10108655.0,Amaru Gaming,9691969.0,Team Nemesis,19891,The International 2026 - Regional Qualifier South America,1112267.0,1.0,32,29,True,22.0
8857442251,4341,1781838331,10144695.0,Mentality Monsters,10135834.0,TEAM GRIND,19894,The International 2026 - Regional Qualifier Southeast Asia,1112250.0,1.0,32,45,False,22.0
8857423188,3275,1781836027,10108655.0,Amaru Gaming,9691969.0,Team Nemesis,19891,The International 2026 - Regional Qualifier South America,1112267.0,1.0,23,32,False,22.0
8857411776,1742,1781834897,10144695.0,Mentality Monsters,10135834.0,TEAM GRIND,19894,The International 2026 - Regional Qualifier Southeast Asia,1112250.0,1.0,5,38,False,22.0
8857362150,4679,1781828978,10020555.0,PlayTime,10150538.0,LGD Gaming,19891,The International 2026 - Regional Qualifier South America,1112174.0,1.0,40,44,False,22.0
8857324614,2957,1781824343,10150538.0,LGD Gaming,10020555.0,PlayTime,19891,The International 2026 - Regional Qualifier South America,1112174.0,1.0,41,22,True,22.0
8857290092,1877,1781820919,10020555.0,PlayTime,10150538.0,LGD Gaming,19891,The International 2026 - Regional Qualifier South America,1112174.0,1.0,24,4,True,22.0
8857142180,3303,1781811392,9691969.0,Team Nemesis,9973656.0,Red Hot Chili Pibble,19891,The International 2026 - Regional Qualifier South America,1112115.0,1.0,28,42,False,22.0
8857042103,3102,1781806177,9973656.0,Red Hot Chili Pibble,9691969.0,Team Nemesis,19891,The International 2026 - Regional Qualifier South America,1112115.0,1.0,28,47,False,22.0
8856921723,3588,1781800291,10108655.0,Amaru Gaming,9678463.0,Estar Backs,19891,The International 2026 - Regional Qualifier South America,1112043.0,1.0,46,35,True,22.0
8856836199,1863,1781796736,10108655.0,Amaru Gaming,9678463.0,Estar Backs,19891,The International 2026 - Regional Qualifier South America,1112043.0,1.0,14,24,False,22.0
8856731522,2933,1781792046,9678463.0,Estar Backs,10108655.0,Amaru Gaming,19891,The International 2026 - Regional Qualifier South America,1112043.0,1.0,24,44,False,22.0
8856501050,5576,1781781307,726228.0,Vici Gaming,9351740.0,Yakutou Brothers,19893,The International 2026 - Regional Qualifier China,1111975.0,1.0,33,44,True,22.0
8856447323,2065,1781777799,9351740.0,Yakutou Brothers,726228.0,Vici Gaming,19893,The International 2026 - Regional Qualifier China,1111975.0,1.0,12,34,False,22.0
8856401359,2223,1781774100,726228.0,Vici Gaming,9351740.0,Yakutou Brothers,19893,The International 2026 - Regional Qualifier China,1111975.0,1.0,8,26,False,22.0
8856318986,2626,1781767220,5017210.0,Team Resilience,9351740.0,Yakutou Brothers,19893,The International 2026 - Regional Qualifier China,1111962.0,1.0,41,18,True,22.0
8856273501,2951,1781762799,9351740.0,Yakutou Brothers,5017210.0,Team Resilience,19893,The International 2026 - Regional Qualifier China,1111962.0,1.0,19,32,False,22.0
8856020729,2073,1781733074,9691969.0,Team Nemesis,10020555.0,PlayTime,19891,The International 2026 - Regional Qualifier South America,1111857.0,1.0,12,38,False,22.0
8855968667,2261,1781728904,10020555.0,PlayTime,9691969.0,Team Nemesis,19891,The International 2026 - Regional Qualifier South America,1111857.0,1.0,28,11,True,22.0
8855894440,2246,1781724676,10108655.0,Amaru Gaming,10150538.0,LGD Gaming,19891,The International 2026 - Regional Qualifier South America,1111806.0,1.0,21,36,False,22.0
8855814502,2272,1781720250,10150538.0,LGD Gaming,10108655.0,Amaru Gaming,19891,The International 2026 - Regional Qualifier South America,1111806.0,1.0,39,22,True,22.0
8855749193,1664,1781716429,10150267.0,Hokori,9678463.0,Estar Backs,19891,The International 2026 - Regional Qualifier South America,1111767.0,1.0,17,29,False,22.0
8855667234,2252,1781712442,9678463.0,Estar Backs,10150267.0,Hokori,19891,The International 2026 - Regional Qualifier South America,1111767.0,1.0,36,21,True,22.0
8855564822,2287,1781708042,9973656.0,Red Hot Chili Pibble,10150568.0,Lindorfitos,19891,The International 2026 - Regional Qualifier South America,1111737.0,1.0,41,22,True,22.0
8855486632,1556,1781704871,9973656.0,Red Hot Chili Pibble,10150568.0,Lindorfitos,19891,The International 2026 - Regional Qualifier South America,1111737.0,1.0,40,9,True,22.0
8855342929,3894,1781698511,726228.0,Vici Gaming,10007878.0,Team Refuser,19893,The International 2026 - Regional Qualifier China,1111669.0,1.0,29,30,True,22.0
8855242704,4176,1781692501,726228.0,Vici Gaming,10007878.0,Team Refuser,19893,The International 2026 - Regional Qualifier China,1111669.0,1.0,30,26,False,22.0
8855188139,2419,1781688358,726228.0,Vici Gaming,10007878.0,Team Refuser,19893,The International 2026 - Regional Qualifier China,1111669.0,1.0,22,14,True,22.0
8855109208,2312,1781681547,726228.0,Vici Gaming,9886289.0,Cloud Rising,19893,The International 2026 - Regional Qualifier China,1111656.0,1.0,33,14,True,22.0
8855077855,1740,1781678284,726228.0,Vici Gaming,9886289.0,Cloud Rising,19893,The International 2026 - Regional Qualifier China,1111656.0,1.0,26,6,True,22.0
8855025901,3138,1781673040,10007878.0,Team Refuser,10008067.0,Game Master,19893,The International 2026 - Regional Qualifier China,1111637.0,1.0,33,14,True,22.0
8854990489,2581,1781668813,10008067.0,Game Master,10007878.0,Team Refuser,19893,The International 2026 - Regional Qualifier China,1111637.0,1.0,15,43,False,22.0
8854850750,1392,1781651568,10020555.0,PlayTime,9678463.0,Estar Backs,19891,The International 2026 - Regional Qualifier South America,1111574.0,1.0,32,7,True,22.0
8854803962,2150,1781646135,9678463.0,Estar Backs,10020555.0,PlayTime,19891,The International 2026 - Regional Qualifier South America,1111574.0,1.0,14,38,False,22.0
8854746589,1752,1781642174,10150538.0,LGD Gaming,10150568.0,Lindorfitos,19891,The International 2026 - Regional Qualifier South America,1111539.0,1.0,40,13,True,22.0
8854675539,2025,1781638351,10150568.0,Lindorfitos,10150538.0,LGD Gaming,19891,The International 2026 - Regional Qualifier South America,1111539.0,1.0,8,25,False,22.0
8854572364,2630,1781632554,10150267.0,Hokori,8971308.0,x5 Gaming,19891,The International 2026 - Regional Qualifier South America,1111477.0,1.0,37,37,True,22.0
8854568223,4352,1781631887,10150610.0,Flame Esports,9948367.0,Team Spirit Academy,18866,European Pro League  2025-2026 Season,1111467.0,1.0,55,58,False,22.0
8854470816,2352,1781628375,10150267.0,Hokori,8971308.0,x5 Gaming,19891,The International 2026 - Regional Qualifier South America,1111477.0,1.0,31,18,True,22.0
8854443395,3587,1781626603,9948367.0,Team Spirit Academy,10150610.0,Flame Esports,18866,European Pro League  2025-2026 Season,1111467.0,1.0,50,34,True,22.0
8854333124,3040,1781621561,10163973.0,RE ARISE,9948367.0,Team Spirit Academy,18866,European Pro League  2025-2026 Season,1111398.0,1.0,35,60,False,22.0
8854301438,2215,1781619692,726228.0,Vici Gaming,9351740.0,Yakutou Brothers,19893,The International 2026 - Regional Qualifier China,1111402.0,1.0,12,30,False,22.0
8854239799,3311,1781617211,9948367.0,Team Spirit Academy,10163973.0,RE ARISE,18866,European Pro League  2025-2026 Season,1111398.0,1.0,50,32,True,22.0
8854153066,4594,1781613378,9351740.0,Yakutou Brothers,726228.0,Vici Gaming,19893,The International 2026 - Regional Qualifier China,1111402.0,1.0,23,35,True,22.0
8854136844,2542,1781612655,10163973.0,RE ARISE,9948367.0,Team Spirit Academy,18866,European Pro League  2025-2026 Season,1111398.0,1.0,44,23,True,22.0
8854031550,2282,1781606986,5017210.0,Team Resilience,10007878.0,Team Refuser,19893,The International 2026 - Regional Qualifier China,1111363.0,1.0,43,14,True,22.0
8853982663,2028,1781603458,10007878.0,Team Refuser,5017210.0,Team Resilience,19893,The International 2026 - Regional Qualifier China,1111363.0,1.0,6,29,False,22.0
8853931510,2009,1781599321,10157562.0,Grey Track,10008067.0,Game Master,19893,The International 2026 - Regional Qualifier China,1111355.0,1.0,11,43,False,22.0
8853900174,1260,1781596490,10008067.0,Game Master,10157562.0,Grey Track,19893,The International 2026 - Regional Qualifier China,1111355.0,1.0,21,6,True,22.0
8853851704,2504,1781592010,9886289.0,Cloud Rising,9885310.0,Roar,19893,The International 2026 - Regional Qualifier China,1111326.0,1.0,27,10,True,22.0
8853816549,2224,1781588139,9885310.0,Roar,9886289.0,Cloud Rising,19893,The International 2026 - Regional Qualifier China,1111326.0,1.0,11,24,False,22.0
8853766862,3939,1781582434,9886289.0,Cloud Rising,9885310.0,Roar,19893,The International 2026 - Regional Qualifier China,1111326.0,1.0,39,45,False,22.0
8853647647,1785,1781567503,10150267.0,Hokori,9691969.0,Team Nemesis,19891,The International 2026 - Regional Qualifier South America,1111264.0,1.0,3,32,False,22.0
8853618398,1895,1781563720,10150267.0,Hokori,9691969.0,Team Nemesis,19891,The International 2026 - Regional Qualifier South America,1111264.0,1.0,5,44,False,22.0
8853573979,1709,1781559823,9973656.0,Red Hot Chili Pibble,10108655.0,Amaru Gaming,19891,The International 2026 - Regional Qualifier South America,1111245.0,1.0,11,30,False,22.0
8853523142,2058,1781555956,10108655.0,Amaru Gaming,9973656.0,Red Hot Chili Pibble,19891,The International 2026 - Regional Qualifier South America,1111245.0,1.0,28,15,True,22.0
8853429174,3032,1781550700,9678463.0,Estar Backs,9886092.0,Rising Rage,19891,The International 2026 - Regional Qualifier South America,1111191.0,1.0,22,39,True,22.0
8853327980,3612,1781545561,9886092.0,Rising Rage,9678463.0,Estar Backs,19891,The International 2026 - Regional Qualifier South America,1111191.0,1.0,24,37,False,22.0
8853249492,1806,1781541381,10150568.0,Lindorfitos,8971308.0,x5 Gaming,19891,The International 2026 - Regional Qualifier South America,1111142.0,1.0,36,20,True,22.0
8853244405,2344,1781540661,55.0,_PowerRangers,9948367.0,Team Spirit Academy,18866,European Pro League  2025-2026 Season,,,32,28,True,22.0
8853175626,1924,1781537829,8971308.0,x5 Gaming,10150568.0,Lindorfitos,19891,The International 2026 - Regional Qualifier South America,1111142.0,1.0,20,42,False,22.0
8853138000,3194,1781535885,9948367.0,Team Spirit Academy,55.0,_PowerRangers,18866,European Pro League  2025-2026 Season,1111156.0,1.0,16,42,False,22.0
8853040245,2763,1781532603,8971308.0,x5 Gaming,10150568.0,Lindorfitos,19891,The International 2026 - Regional Qualifier South America,1111142.0,1.0,47,34,True,22.0
8852989120,2525,1781529766,10001733.0,Hive,10164643.0,Summer Bear,18866,European Pro League  2025-2026 Season,1111091.0,1.0,18,41,False,22.0
8852967216,2614,1781529060,10144697.0,Ivory,10101762.0,Winter Squadron,18865,EPL World Series: Southeast Asia 2025-2026 Season ,1111079.0,1.0,38,32,True,
8852891753,2016,1781525426,10101762.0,Winter Squadron,10144697.0,Ivory,18865,EPL World Series: Southeast Asia 2025-2026 Season ,1111079.0,1.0,11,32,False,22.0
8852889096,1648,1781525594,10157562.0,Grey Track,726228.0,Vici Gaming,19893,The International 2026 - Regional Qualifier China,1111084.0,1.0,11,22,False,22.0
8852876854,3473,1781524812,10001733.0,Hive,10164643.0,Summer Bear,18866,European Pro League  2025-2026 Season,1111091.0,1.0,38,32,False,22.0
8852809218,2681,1781521190,726228.0,Vici Gaming,10157562.0,Grey Track,19893,The International 2026 - Regional Qualifier China,1111084.0,1.0,36,18,True,22.0
8852787625,3259,1781519925,10101762.0,Winter Squadron,10144697.0,Ivory,18865,EPL World Series: Southeast Asia 2025-2026 Season ,1111079.0,1.0,40,27,True,
8852757973,1411,1781517323,9351740.0,Yakutou Brothers,10008067.0,Game Master,19893,The International 2026 - Regional Qualifier China,1111071.0,1.0,25,9,True,22.0
8852732542,2856,1781515179,10157986.0,D Family,10144695.0,Mentality Monsters,18865,EPL World Series: Southeast Asia 2025-2026 Season ,1111062.0,1.0,39,35,True,
8852716636,1520,1781514019,9351740.0,Yakutou Brothers,10008067.0,Game Master,19893,The International 2026 - Regional Qualifier China,1111071.0,1.0,23,11,True,22.0
8852690357,2150,1781511487,10144695.0,Mentality Monsters,10157986.0,D Family,18865,EPL World Series: Southeast Asia 2025-2026 Season ,1111062.0,1.0,43,20,True,
8852665706,1826,1781509537,9886289.0,Cloud Rising,5017210.0,Team Resilience,19893,The International 2026 - Regional Qualifier China,1111061.0,1.0,12,36,False,22.0
8852624581,3832,1781506031,10157986.0,D Family,10144695.0,Mentality Monsters,18865,EPL World Series: Southeast Asia 2025-2026 Season ,1111062.0,1.0,51,46,True,22.0
8852623851,2655,1781505350,9886289.0,Cloud Rising,5017210.0,Team Resilience,19893,The International 2026 - Regional Qualifier China,1111061.0,1.0,21,38,False,22.0
8852591167,1838,1781501546,9885310.0,Roar,10007878.0,Team Refuser,19893,The International 2026 - Regional Qualifier China,1111036.0,1.0,17,33,False,22.0
8852588133,2724,1781501097,7917893.0,InterActive Philippines,10157986.0,D Family,18865,EPL World Series: Southeast Asia 2025-2026 Season ,1111025.0,1.0,46,33,True,
8852555586,2263,1781497131,7917893.0,InterActive Philippines,10157986.0,D Family,18865,EPL World Series: Southeast Asia 2025-2026 Season ,1111025.0,1.0,31,11,True,22.0
8852543650,3716,1781496220,9885310.0,Roar,10007878.0,Team Refuser,19893,The International 2026 - Regional Qualifier China,1111036.0,1.0,36,39,False,22.0
8852523221,2105,1781493188,7917893.0,InterActive Philippines,10157986.0,D Family,18865,EPL World Series: Southeast Asia 2025-2026 Season ,1111025.0,1.0,15,31,False,
8852055373,1920,1781458434,55.0,_PowerRangers,10163973.0,RE ARISE,18866,European Pro League  2025-2026 Season,1110780.0,1.0,22,35,False,22.0
8852044032,1594,1781457244,9627650.0,5vpotoke,9538765.0,Talanti dagestana,16251,Party To Play league,1110841.0,0.0,42,15,True,22.0
8851984783,2012,1781454483,10163973.0,RE ARISE,55.0,_PowerRangers,18866,European Pro League  2025-2026 Season,1110780.0,1.0,37,31,True,22.0
8851856668,2712,1781449402,10163973.0,RE ARISE,55.0,_PowerRangers,18866,European Pro League  2025-2026 Season,1110780.0,1.0,34,55,False,22.0
8851580511,2518,1781439132,10150610.0,Flame Esports,10047709.0,Ilbirs Esports,18866,European Pro League  2025-2026 Season,1110706.0,1.0,33,24,True,22.0
8851563242,2440,1781438659,10144695.0,Mentality Monsters,10150434.0,DIREBORN,18865,EPL World Series: Southeast Asia 2025-2026 Season ,1110661.0,1.0,26,33,False,22.0
8851499335,2047,1781435055,10144695.0,Mentality Monsters,10150434.0,DIREBORN,18865,EPL World Series: Southeast Asia 2025-2026 Season ,1110661.0,1.0,23,37,False,22.0
8851462430,3958,1781433135,10150610.0,Flame Esports,10047709.0,Ilbirs Esports,18866,European Pro League  2025-2026 Season,1110651.0,1.0,52,51,True,22.0
8851430971,1464,1781432101,10150434.0,DIREBORN,10144695.0,Mentality Monsters,18865,EPL World Series: Southeast Asia 2025-2026 Season ,1110661.0,1.0,6,26,False,22.0
8851380382,3214,1781428698,10047709.0,Ilbirs Esports,10150610.0,Flame Esports,18866,European Pro League  2025-2026 Season,1110651.0,1.0,42,33,True,22.0
8851324525,4212,1781426080,10144695.0,Mentality Monsters,9098294.0,Carstensz Esports,18865,EPL World Series: Southeast Asia 2025-2026 Season ,1110601.0,1.0,34,47,True,22.0
8851258391,3044,1781421595,10144695.0,Mentality Monsters,9098294.0,Carstensz Esports,18865,EPL World Series: Southeast Asia 2025-2026 Season ,1110601.0,1.0,47,46,False,22.0
8851185713,2026,1781417108,10144695.0,Mentality Monsters,9098294.0,Carstensz Esports,18865,EPL World Series: Southeast Asia 2025-2026 Season ,1110601.0,1.0,30,17,True,22.0
8850863139,2862,1781386615,10101793.0,BALU TEAM,10164643.0,Summer Bear,18866,European Pro League  2025-2026 Season,1110465.0,1.0,37,44,True,22.0
8850783855,2800,1781381743,10101793.0,BALU TEAM,10164643.0,Summer Bear,18866,European Pro League  2025-2026 Season,1110465.0,1.0,40,26,True,22.0
8850700011,1978,1781378001,10101793.0,BALU TEAM,10164643.0,Summer Bear,18866,European Pro League  2025-2026 Season,1110465.0,1.0,16,45,False,22.0
8850593633,3335,1781372773,10047709.0,Ilbirs Esports,55.0,_PowerRangers,18866,European Pro League  2025-2026 Season,1110366.0,1.0,36,24,True,22.0
8850534819,1550,1781369704,10047709.0,Ilbirs Esports,55.0,_PowerRangers,18866,European Pro League  2025-2026 Season,1110366.0,1.0,9,30,False,22.0
8850375347,4663,1781363124,10047709.0,Ilbirs Esports,55.0,_PowerRangers,18866,European Pro League  2025-2026 Season,1110366.0,1.0,46,35,True,22.0
8846649222,1522,1781112304,9530716.0,Air Defence,10060977.0,Cinqueblinks,18867,Ultras Dota Pro League  2025-26,1108319.0,1.0,34,23,True,22.0
8846607973,1428,1781110277,9425656.0,LSG,9426115.0,Dark Rebellion,18959,Destiny League,1108840.0,1.0,33,22,True,22.0
8846577318,2655,1781108738,10060977.0,Cinqueblinks,10144754.0,Air Defence,18867,Ultras Dota Pro League  2025-26,1108828.0,1.0,49,41,False,22.0
8846559515,1658,1781107953,9426115.0,Dark Rebellion,9425656.0,LSG,18959,Destiny League,1108840.0,1.0,20,38,False,22.0
8846497960,2104,1781105305,9425656.0,LSG,9426115.0,Dark Rebellion,18959,Destiny League,1108840.0,1.0,39,39,False,22.0
8846470956,3316,1781104166,10144754.0,Air Defence,10060977.0,Cinqueblinks,18867,Ultras Dota Pro League  2025-26,1108828.0,1.0,48,73,False,22.0
8846446372,1451,1781103064,9768243.0,Night Force,9878494.0,LV United,18959,Destiny League,1108805.0,1.0,10,36,False,22.0
8846407327,1264,1781101462,9593609.0,Nethercore,9397016.0,Elite Eclipse,18867,Ultras Dota Pro League  2025-26,1108779.0,1.0,40,10,True,22.0
8846381268,1595,1781100664,9878494.0,LV United,9768243.0,Night Force,18959,Destiny League,1108805.0,1.0,44,19,True,22.0
8846318294,1512,1781097959,10145429.0,The Last Titan,9814269.0,Riftwalkers,18959,Destiny League,1108735.0,1.0,39,17,True,22.0
8846302202,2987,1781097429,9397016.0,Elite Eclipse,9593609.0,Nethercore,18867,Ultras Dota Pro League  2025-26,1108779.0,1.0,51,56,False,22.0
8846252680,2337,1781095136,9814269.0,Riftwalkers,10145429.0,The Last Titan,18959,Destiny League,1108735.0,1.0,50,30,True,22.0
8846204406,1787,1781092895,10145429.0,The Last Titan,9814269.0,Riftwalkers,18959,Destiny League,1108735.0,1.0,39,24,True,22.0
8846141051,2048,1781089223,9906210.0,Teiko,8831040.0,Ghost Sheep,18867,Ultras Dota Pro League  2025-26,1108717.0,1.0,45,19,True,22.0
8846121499,1480,1781088110,9426115.0,Dark Rebellion,9768002.0,Lunar Vibes,18959,Destiny League,1108709.0,1.0,11,38,False,22.0
8846094817,1469,1781086816,8831040.0,Ghost Sheep,9906210.0,Teiko,18867,Ultras Dota Pro League  2025-26,1108717.0,1.0,25,47,False,22.0
8846078487,2095,1781085204,9768002.0,Lunar Vibes,9426115.0,Dark Rebellion,18959,Destiny League,1108709.0,1.0,18,36,False,22.0
8846051335,1742,1781083169,9593609.0,Nethercore,9906210.0,Teiko,18867,Ultras Dota Pro League  2025-26,1108703.0,1.0,14,46,False,22.0
8846043140,1860,1781082539,9426115.0,Dark Rebellion,9768002.0,Lunar Vibes,18959,Destiny League,1108709.0,1.0,21,32,False,22.0
8846008340,2239,1781079698,9906210.0,Teiko,9593609.0,Nethercore,18867,Ultras Dota Pro League  2025-26,1108703.0,1.0,49,29,True,22.0
8846007758,1998,1781079685,8629315.0,Wiser Warriors,2443375.0,Foxy gaming,18959,Destiny League,1108701.0,1.0,36,31,True,22.0
8845972593,1622,1781076719,9593609.0,Nethercore,9906210.0,Teiko,18867,Ultras Dota Pro League  2025-26,1108703.0,1.0,41,15,True,22.0
